process,mean_energy_eV,energy_loss_coeff_eV_m3_s,EoverN_Td
C1 Ar Elastic,2.4075,2.9592e-18,1.0
C1 Ar Elastic,3.52837,7.88474e-18,2.18787
C1 Ar Elastic,5.08509,1.97897e-17,5.75149
C1 Ar Elastic,5.39609,2.31563e-17,11.6908
C1 Ar Elastic,5.62479,2.54998e-17,20.0059
C1 Ar Elastic,5.85972,2.78552e-17,30.6968
C1 Ar Elastic,6.09482,3.02155e-17,43.7634
C1 Ar Elastic,6.32848,3.25659e-17,59.2057
C1 Ar Elastic,6.56248,3.49119e-17,77.0238
C1 Ar Elastic,6.80014,3.72735e-17,97.2176
C1 Ar Elastic,7.04422,3.96628e-17,119.787
C1 Ar Elastic,7.29691,4.20859e-17,144.732
C1 Ar Elastic,7.56043,4.45521e-17,172.054
C1 Ar Elastic,7.83628,4.70598e-17,201.75
C1 Ar Elastic,8.12637,4.96128e-17,233.823
C1 Ar Elastic,8.43263,5.22138e-17,268.271
C1 Ar Elastic,8.756,5.4854e-17,305.095
C1 Ar Elastic,9.09866,5.75331e-17,344.295
C1 Ar Elastic,9.46271,6.02556e-17,385.87
C1 Ar Elastic,9.84924,6.30058e-17,429.822
C1 Ar Elastic,10.2604,6.57793e-17,476.149
C1 Ar Elastic,10.6991,6.85709e-17,524.851
C1 Ar Elastic,11.1681,7.13858e-17,575.93
C1 Ar Elastic,11.6671,7.41907e-17,629.384
C1 Ar Elastic,12.2021,7.69949e-17,685.214
C1 Ar Elastic,12.7745,7.97883e-17,743.42
C1 Ar Elastic,13.3861,8.25643e-17,804.001
C1 Ar Elastic,14.0422,8.53266e-17,866.958
C1 Ar Elastic,14.7433,8.80355e-17,932.291
C1 Ar Elastic,15.4923,9.07144e-17,1000.0
C2 Ar Excitation 11.55 eV,2.4075,-2.24021e-208,1.0
C2 Ar Excitation 11.55 eV,3.52837,1.24891e-22,2.18787
C2 Ar Excitation 11.55 eV,5.08509,9.1535e-18,5.75149
C2 Ar Excitation 11.55 eV,5.39609,6.02064e-17,11.6908
C2 Ar Excitation 11.55 eV,5.62479,1.50714e-16,20.0059
C2 Ar Excitation 11.55 eV,5.85972,2.73795e-16,30.6968
C2 Ar Excitation 11.55 eV,6.09482,4.21212e-16,43.7634
C2 Ar Excitation 11.55 eV,6.32848,5.86186e-16,59.2057
C2 Ar Excitation 11.55 eV,6.56248,7.63401e-16,77.0238
C2 Ar Excitation 11.55 eV,6.80014,9.49512e-16,97.2176
C2 Ar Excitation 11.55 eV,7.04422,1.14189e-15,119.787
C2 Ar Excitation 11.55 eV,7.29691,1.33846e-15,144.732
C2 Ar Excitation 11.55 eV,7.56043,1.53755e-15,172.054
C2 Ar Excitation 11.55 eV,7.83628,1.73725e-15,201.75
C2 Ar Excitation 11.55 eV,8.12637,1.93637e-15,233.823
C2 Ar Excitation 11.55 eV,8.43263,2.13383e-15,268.271
C2 Ar Excitation 11.55 eV,8.756,2.32839e-15,305.095
C2 Ar Excitation 11.55 eV,9.09866,2.51924e-15,344.295
C2 Ar Excitation 11.55 eV,9.46271,2.70576e-15,385.87
C2 Ar Excitation 11.55 eV,9.84924,2.88642e-15,429.822
C2 Ar Excitation 11.55 eV,10.2604,3.06035e-15,476.149
C2 Ar Excitation 11.55 eV,10.6991,3.22733e-15,524.851
C2 Ar Excitation 11.55 eV,11.1681,3.38643e-15,575.93
C2 Ar Excitation 11.55 eV,11.6671,3.53515e-15,629.384
C2 Ar Excitation 11.55 eV,12.2021,3.67457e-15,685.214
C2 Ar Excitation 11.55 eV,12.7745,3.80257e-15,743.42
C2 Ar Excitation 11.55 eV,13.3861,3.91898e-15,804.001
C2 Ar Excitation 11.55 eV,14.0422,4.02475e-15,866.958
C2 Ar Excitation 11.55 eV,14.7433,4.11729e-15,932.291
C2 Ar Excitation 11.55 eV,15.4923,4.19753e-15,1000.0
C3 Ar Excitation 11.62 eV,2.4075,-5.24503e-210,1.0
C3 Ar Excitation 11.62 eV,3.52837,1.66035e-23,2.18787
C3 Ar Excitation 11.62 eV,5.08509,1.79288e-18,5.75149
C3 Ar Excitation 11.62 eV,5.39609,1.44702e-17,11.6908
C3 Ar Excitation 11.62 eV,5.62479,4.18589e-17,20.0059
C3 Ar Excitation 11.62 eV,5.85972,8.56919e-17,30.6968
C3 Ar Excitation 11.62 eV,6.09482,1.46739e-16,43.7634
C3 Ar Excitation 11.62 eV,6.32848,2.25568e-16,59.2057
C3 Ar Excitation 11.62 eV,6.56248,3.22726e-16,77.0238
C3 Ar Excitation 11.62 eV,6.80014,4.39139e-16,97.2176
C3 Ar Excitation 11.62 eV,7.04422,5.75785e-16,119.787
C3 Ar Excitation 11.62 eV,7.29691,7.33825e-16,144.732
C3 Ar Excitation 11.62 eV,7.56043,9.144e-16,172.054
C3 Ar Excitation 11.62 eV,7.83628,1.11837e-15,201.75
C3 Ar Excitation 11.62 eV,8.12637,1.34687e-15,233.823
C3 Ar Excitation 11.62 eV,8.43263,1.60097e-15,268.271
C3 Ar Excitation 11.62 eV,8.756,1.88183e-15,305.095
C3 Ar Excitation 11.62 eV,9.09866,2.19048e-15,344.295
C3 Ar Excitation 11.62 eV,9.46271,2.52824e-15,385.87
C3 Ar Excitation 11.62 eV,9.84924,2.89542e-15,429.822
C3 Ar Excitation 11.62 eV,10.2604,3.29305e-15,476.149
C3 Ar Excitation 11.62 eV,10.6991,3.72264e-15,524.851
C3 Ar Excitation 11.62 eV,11.1681,4.18459e-15,575.93
C3 Ar Excitation 11.62 eV,11.6671,4.67732e-15,629.384
C3 Ar Excitation 11.62 eV,12.2021,5.20407e-15,685.214
C3 Ar Excitation 11.62 eV,12.7745,5.76333e-15,743.42
C3 Ar Excitation 11.62 eV,13.3861,6.35283e-15,804.001
C3 Ar Excitation 11.62 eV,14.0422,6.97484e-15,866.958
C3 Ar Excitation 11.62 eV,14.7433,7.62611e-15,932.291
C3 Ar Excitation 11.62 eV,15.4923,8.30486e-15,1000.0
C4 Ar Excitation 11.72 eV,2.4075,-5.11069e-212,1.0
C4 Ar Excitation 11.72 eV,3.52837,8.16229e-24,2.18787
C4 Ar Excitation 11.72 eV,5.08509,1.13633e-18,5.75149
C4 Ar Excitation 11.72 eV,5.39609,9.03967e-18,11.6908
C4 Ar Excitation 11.72 eV,5.62479,2.45444e-17,20.0059
C4 Ar Excitation 11.72 eV,5.85972,4.66133e-17,30.6968
C4 Ar Excitation 11.72 eV,6.09482,7.37796e-17,43.7634
C4 Ar Excitation 11.72 eV,6.32848,1.04754e-16,59.2057
C4 Ar Excitation 11.72 eV,6.56248,1.3848e-16,77.0238
C4 Ar Excitation 11.72 eV,6.80014,1.74258e-16,97.2176
C4 Ar Excitation 11.72 eV,7.04422,2.11535e-16,119.787
C4 Ar Excitation 11.72 eV,7.29691,2.49871e-16,144.732
C4 Ar Excitation 11.72 eV,7.56043,2.88907e-16,172.054
C4 Ar Excitation 11.72 eV,7.83628,3.28247e-16,201.75
C4 Ar Excitation 11.72 eV,8.12637,3.67628e-16,233.823
C4 Ar Excitation 11.72 eV,8.43263,4.06817e-16,268.271
C4 Ar Excitation 11.72 eV,8.756,4.45562e-16,305.095
C4 Ar Excitation 11.72 eV,9.09866,4.83679e-16,344.295
C4 Ar Excitation 11.72 eV,9.46271,5.21037e-16,385.87
C4 Ar Excitation 11.72 eV,9.84924,5.5732e-16,429.822
C4 Ar Excitation 11.72 eV,10.2604,5.92354e-16,476.149
C4 Ar Excitation 11.72 eV,10.6991,6.26083e-16,524.851
C4 Ar Excitation 11.72 eV,11.1681,6.58316e-16,575.93
C4 Ar Excitation 11.72 eV,11.6671,6.88545e-16,629.384
C4 Ar Excitation 11.72 eV,12.2021,7.16992e-16,685.214
C4 Ar Excitation 11.72 eV,12.7745,7.4323e-16,743.42
C4 Ar Excitation 11.72 eV,13.3861,7.67188e-16,804.001
C4 Ar Excitation 11.72 eV,14.0422,7.8907e-16,866.958
C4 Ar Excitation 11.72 eV,14.7433,8.08347e-16,932.291
C4 Ar Excitation 11.72 eV,15.4923,8.25194e-16,1000.0
C5 Ar Excitation 11.83 eV,2.4075,-6.4377e-213,1.0
C5 Ar Excitation 11.83 eV,3.52837,1.37533e-23,2.18787
C5 Ar Excitation 11.83 eV,5.08509,3.28743e-18,5.75149
C5 Ar Excitation 11.83 eV,5.39609,3.33646e-17,11.6908
C5 Ar Excitation 11.83 eV,5.62479,1.06336e-16,20.0059
C5 Ar Excitation 11.83 eV,5.85972,2.29899e-16,30.6968
C5 Ar Excitation 11.83 eV,6.09482,4.08418e-16,43.7634
C5 Ar Excitation 11.83 eV,6.32848,6.45294e-16,59.2057
C5 Ar Excitation 11.83 eV,6.56248,9.43708e-16,77.0238
C5 Ar Excitation 11.83 eV,6.80014,1.30788e-15,97.2176
C5 Ar Excitation 11.83 eV,7.04422,1.74224e-15,119.787
C5 Ar Excitation 11.83 eV,7.29691,2.25185e-15,144.732
C5 Ar Excitation 11.83 eV,7.56043,2.84175e-15,172.054
C5 Ar Excitation 11.83 eV,7.83628,3.51613e-15,201.75
C5 Ar Excitation 11.83 eV,8.12637,4.28006e-15,233.823
C5 Ar Excitation 11.83 eV,8.43263,5.13849e-15,268.271
C5 Ar Excitation 11.83 eV,8.756,6.09677e-15,305.095
C5 Ar Excitation 11.83 eV,9.09866,7.15969e-15,344.295
C5 Ar Excitation 11.83 eV,9.46271,8.33316e-15,385.87
C5 Ar Excitation 11.83 eV,9.84924,9.61975e-15,429.822
C5 Ar Excitation 11.83 eV,10.2604,1.10245e-14,476.149
C5 Ar Excitation 11.83 eV,10.6991,1.25539e-14,524.851
C5 Ar Excitation 11.83 eV,11.1681,1.42109e-14,575.93
C5 Ar Excitation 11.83 eV,11.6671,1.59914e-14,629.384
C5 Ar Excitation 11.83 eV,12.2021,1.79081e-14,685.214
C5 Ar Excitation 11.83 eV,12.7745,1.99572e-14,743.42
C5 Ar Excitation 11.83 eV,13.3861,2.21311e-14,804.001
C5 Ar Excitation 11.83 eV,14.0422,2.44387e-14,866.958
C5 Ar Excitation 11.83 eV,14.7433,2.687e-14,932.291
C5 Ar Excitation 11.83 eV,15.4923,2.94185e-14,1000.0
C6 Ar Excitation 12.91 eV,2.4075,-6.03805e-232,1.0
C6 Ar Excitation 12.91 eV,3.52837,2.85305e-28,2.18787
C6 Ar Excitation 12.91 eV,5.08509,1.64809e-20,5.75149
C6 Ar Excitation 12.91 eV,5.39609,7.03686e-19,11.6908
C6 Ar Excitation 12.91 eV,5.62479,3.87835e-18,20.0059
C6 Ar Excitation 12.91 eV,5.85972,1.10051e-17,30.6968
C6 Ar Excitation 12.91 eV,6.09482,2.28675e-17,43.7634
C6 Ar Excitation 12.91 eV,6.32848,3.99544e-17,59.2057
C6 Ar Excitation 12.91 eV,6.56248,6.28415e-17,77.0238
C6 Ar Excitation 12.91 eV,6.80014,9.25207e-17,97.2176
C6 Ar Excitation 12.91 eV,7.04422,1.30507e-16,119.787
C6 Ar Excitation 12.91 eV,7.29691,1.78894e-16,144.732
C6 Ar Excitation 12.91 eV,7.56043,2.40158e-16,172.054
C6 Ar Excitation 12.91 eV,7.83628,3.16801e-16,201.75
C6 Ar Excitation 12.91 eV,8.12637,4.11171e-16,233.823
C6 Ar Excitation 12.91 eV,8.43263,5.25031e-16,268.271
C6 Ar Excitation 12.91 eV,8.756,6.59461e-16,305.095
C6 Ar Excitation 12.91 eV,9.09866,8.1451e-16,344.295
C6 Ar Excitation 12.91 eV,9.46271,9.89532e-16,385.87
C6 Ar Excitation 12.91 eV,9.84924,1.18281e-15,429.822
C6 Ar Excitation 12.91 eV,10.2604,1.39225e-15,476.149
C6 Ar Excitation 12.91 eV,10.6991,1.6157e-15,524.851
C6 Ar Excitation 12.91 eV,11.1681,1.85009e-15,575.93
C6 Ar Excitation 12.91 eV,11.6671,2.09194e-15,629.384
C6 Ar Excitation 12.91 eV,12.2021,2.33941e-15,685.214
C6 Ar Excitation 12.91 eV,12.7745,2.58856e-15,743.42
C6 Ar Excitation 12.91 eV,13.3861,2.83626e-15,804.001
C6 Ar Excitation 12.91 eV,14.0422,3.08075e-15,866.958
C6 Ar Excitation 12.91 eV,14.7433,3.31838e-15,932.291
C6 Ar Excitation 12.91 eV,15.4923,3.54646e-15,1000.0
C7 Ar Excitation 13.07 eV,2.4075,-1.41309e-234,1.0
C7 Ar Excitation 13.07 eV,3.52837,8.94787e-29,2.18787
C7 Ar Excitation 13.07 eV,5.08509,1.3518e-20,5.75149
C7 Ar Excitation 13.07 eV,5.39609,7.60949e-19,11.6908
C7 Ar Excitation 13.07 eV,5.62479,4.72138e-18,20.0059
C7 Ar Excitation 13.07 eV,5.85972,1.43323e-17,30.6968
C7 Ar Excitation 13.07 eV,6.09482,3.11803e-17,43.7634
C7 Ar Excitation 13.07 eV,6.32848,5.64893e-17,59.2057
C7 Ar Excitation 13.07 eV,6.56248,9.18092e-17,77.0238
C7 Ar Excitation 13.07 eV,6.80014,1.39678e-16,97.2176
C7 Ar Excitation 13.07 eV,7.04422,2.0393e-16,119.787
C7 Ar Excitation 13.07 eV,7.29691,2.89832e-16,144.732
C7 Ar Excitation 13.07 eV,7.56043,4.03686e-16,172.054
C7 Ar Excitation 13.07 eV,7.83628,5.5198e-16,201.75
C7 Ar Excitation 13.07 eV,8.12637,7.40806e-16,233.823
C7 Ar Excitation 13.07 eV,8.43263,9.7485e-16,268.271
C7 Ar Excitation 13.07 eV,8.756,1.25709e-15,305.095
C7 Ar Excitation 13.07 eV,9.09866,1.58796e-15,344.295
C7 Ar Excitation 13.07 eV,9.46271,1.96615e-15,385.87
C7 Ar Excitation 13.07 eV,9.84924,2.38787e-15,429.822
C7 Ar Excitation 13.07 eV,10.2604,2.84827e-15,476.149
C7 Ar Excitation 13.07 eV,10.6991,3.34223e-15,524.851
C7 Ar Excitation 13.07 eV,11.1681,3.86262e-15,575.93
C7 Ar Excitation 13.07 eV,11.6671,4.40161e-15,629.384
C7 Ar Excitation 13.07 eV,12.2021,4.95453e-15,685.214
C7 Ar Excitation 13.07 eV,12.7745,5.51241e-15,743.42
C7 Ar Excitation 13.07 eV,13.3861,6.06806e-15,804.001
C7 Ar Excitation 13.07 eV,14.0422,6.61706e-15,866.958
C7 Ar Excitation 13.07 eV,14.7433,7.15132e-15,932.291
C7 Ar Excitation 13.07 eV,15.4923,7.66434e-15,1000.0
C8 Ar Excitation 13.09 eV,2.4075,-6.60491e-235,1.0
C8 Ar Excitation 13.09 eV,3.52837,4.60008e-29,2.18787
C8 Ar Excitation 13.09 eV,5.08509,1.00478e-20,5.75149
C8 Ar Excitation 13.09 eV,5.39609,6.45463e-19,11.6908
C8 Ar Excitation 13.09 eV,5.62479,4.26042e-18,20.0059
C8 Ar Excitation 13.09 eV,5.85972,1.33598e-17,30.6968
C8 Ar Excitation 13.09 eV,6.09482,2.946e-17,43.7634
C8 Ar Excitation 13.09 eV,6.32848,5.32161e-17,59.2057
C8 Ar Excitation 13.09 eV,6.56248,8.47874e-17,77.0238
C8 Ar Excitation 13.09 eV,6.80014,1.24163e-16,97.2176
C8 Ar Excitation 13.09 eV,7.04422,1.71237e-16,119.787
C8 Ar Excitation 13.09 eV,7.29691,2.25932e-16,144.732
C8 Ar Excitation 13.09 eV,7.56043,2.88114e-16,172.054
C8 Ar Excitation 13.09 eV,7.83628,3.57541e-16,201.75
C8 Ar Excitation 13.09 eV,8.12637,4.34055e-16,233.823
C8 Ar Excitation 13.09 eV,8.43263,5.17456e-16,268.271
C8 Ar Excitation 13.09 eV,8.756,6.07619e-16,305.095
C8 Ar Excitation 13.09 eV,9.09866,7.04304e-16,344.295
C8 Ar Excitation 13.09 eV,9.46271,8.07404e-16,385.87
C8 Ar Excitation 13.09 eV,9.84924,9.16467e-16,429.822
C8 Ar Excitation 13.09 eV,10.2604,1.0313e-15,476.149
C8 Ar Excitation 13.09 eV,10.6991,1.15184e-15,524.851
C8 Ar Excitation 13.09 eV,11.1681,1.27766e-15,575.93
C8 Ar Excitation 13.09 eV,11.6671,1.40778e-15,629.384
C8 Ar Excitation 13.09 eV,12.2021,1.54272e-15,685.214
C8 Ar Excitation 13.09 eV,12.7745,1.68143e-15,743.42
C8 Ar Excitation 13.09 eV,13.3861,1.82299e-15,804.001
C8 Ar Excitation 13.09 eV,14.0422,1.96775e-15,866.958
C8 Ar Excitation 13.09 eV,14.7433,2.11429e-15,932.291
C8 Ar Excitation 13.09 eV,15.4923,2.26206e-15,1000.0
C9 Ar Excitation 13.15 eV,2.4075,-8.44594e-236,1.0
C9 Ar Excitation 13.15 eV,3.52837,3.51391e-29,2.18787
C9 Ar Excitation 13.15 eV,5.08509,1.09621e-20,5.75149
C9 Ar Excitation 13.15 eV,5.39609,7.67661e-19,11.6908
C9 Ar Excitation 13.15 eV,5.62479,5.18341e-18,20.0059
C9 Ar Excitation 13.15 eV,5.85972,1.62758e-17,30.6968
C9 Ar Excitation 13.15 eV,6.09482,3.56054e-17,43.7634
C9 Ar Excitation 13.15 eV,6.32848,6.35116e-17,59.2057
C9 Ar Excitation 13.15 eV,6.56248,9.96682e-17,77.0238
C9 Ar Excitation 13.15 eV,6.80014,1.43538e-16,97.2176
C9 Ar Excitation 13.15 eV,7.04422,1.94499e-16,119.787
C9 Ar Excitation 13.15 eV,7.29691,2.51984e-16,144.732
C9 Ar Excitation 13.15 eV,7.56043,3.15395e-16,172.054
C9 Ar Excitation 13.15 eV,7.83628,3.84047e-16,201.75
C9 Ar Excitation 13.15 eV,8.12637,4.57384e-16,233.823
C9 Ar Excitation 13.15 eV,8.43263,5.34832e-16,268.271
C9 Ar Excitation 13.15 eV,8.756,6.15922e-16,305.095
C9 Ar Excitation 13.15 eV,9.09866,7.00089e-16,344.295
C9 Ar Excitation 13.15 eV,9.46271,7.86933e-16,385.87
C9 Ar Excitation 13.15 eV,9.84924,8.75736e-16,429.822
C9 Ar Excitation 13.15 eV,10.2604,9.66048e-16,476.149
C9 Ar Excitation 13.15 eV,10.6991,1.05758e-15,524.851
C9 Ar Excitation 13.15 eV,11.1681,1.14973e-15,575.93
C9 Ar Excitation 13.15 eV,11.6671,1.24138e-15,629.384
C9 Ar Excitation 13.15 eV,12.2021,1.33285e-15,685.214
C9 Ar Excitation 13.15 eV,12.7745,1.42304e-15,743.42
C9 Ar Excitation 13.15 eV,13.3861,1.51118e-15,804.001
C9 Ar Excitation 13.15 eV,14.0422,1.59759e-15,866.958
C9 Ar Excitation 13.15 eV,14.7433,1.68092e-15,932.291
C9 Ar Excitation 13.15 eV,15.4923,1.76097e-15,1000.0
C10 Ar Excitation 13.17 eV,2.4075,-3.01649e-236,1.0
C10 Ar Excitation 13.17 eV,3.52837,1.8046e-29,2.18787
C10 Ar Excitation 13.17 eV,5.08509,6.49332e-21,5.75149
C10 Ar Excitation 13.17 eV,5.39609,4.81301e-19,11.6908
C10 Ar Excitation 13.17 eV,5.62479,3.37412e-18,20.0059
C10 Ar Excitation 13.17 eV,5.85972,1.09294e-17,30.6968
C10 Ar Excitation 13.17 eV,6.09482,2.45855e-17,43.7634
C10 Ar Excitation 13.17 eV,6.32848,4.5007e-17,59.2057
C10 Ar Excitation 13.17 eV,6.56248,7.23956e-17,77.0238
C10 Ar Excitation 13.17 eV,6.80014,1.06777e-16,97.2176
C10 Ar Excitation 13.17 eV,7.04422,1.4808e-16,119.787
C10 Ar Excitation 13.17 eV,7.29691,1.9625e-16,144.732
C10 Ar Excitation 13.17 eV,7.56043,2.51174e-16,172.054
C10 Ar Excitation 13.17 eV,7.83628,3.12645e-16,201.75
C10 Ar Excitation 13.17 eV,8.12637,3.80526e-16,233.823
C10 Ar Excitation 13.17 eV,8.43263,4.54641e-16,268.271
C10 Ar Excitation 13.17 eV,8.756,5.34881e-16,305.095
C10 Ar Excitation 13.17 eV,9.09866,6.21033e-16,344.295
C10 Ar Excitation 13.17 eV,9.46271,7.13002e-16,385.87
C10 Ar Excitation 13.17 eV,9.84924,8.10386e-16,429.822
C10 Ar Excitation 13.17 eV,10.2604,9.1301e-16,476.149
C10 Ar Excitation 13.17 eV,10.6991,1.02083e-15,524.851
C10 Ar Excitation 13.17 eV,11.1681,1.13346e-15,575.93
C10 Ar Excitation 13.17 eV,11.6671,1.25001e-15,629.384
C10 Ar Excitation 13.17 eV,12.2021,1.37096e-15,685.214
C10 Ar Excitation 13.17 eV,12.7745,1.49539e-15,743.42
C10 Ar Excitation 13.17 eV,13.3861,1.62244e-15,804.001
C10 Ar Excitation 13.17 eV,14.0422,1.75244e-15,866.958
C10 Ar Excitation 13.17 eV,14.7433,1.88411e-15,932.291
C10 Ar Excitation 13.17 eV,15.4923,2.01696e-15,1000.0
C11 Ar Excitation 13.27 eV,2.4075,-1.02747e-237,1.0
C11 Ar Excitation 13.27 eV,3.52837,1.17824e-29,2.18787
C11 Ar Excitation 13.27 eV,5.08509,8.17584e-21,5.75149
C11 Ar Excitation 13.27 eV,5.39609,7.20313e-19,11.6908
C11 Ar Excitation 13.27 eV,5.62479,5.35941e-18,20.0059
C11 Ar Excitation 13.27 eV,5.85972,1.77323e-17,30.6968
C11 Ar Excitation 13.27 eV,6.09482,4.0057e-17,43.7634
C11 Ar Excitation 13.27 eV,6.32848,7.30008e-17,59.2057
C11 Ar Excitation 13.27 eV,6.56248,1.16321e-16,77.0238
C11 Ar Excitation 13.27 eV,6.80014,1.69437e-16,97.2176
C11 Ar Excitation 13.27 eV,7.04422,2.31616e-16,119.787
C11 Ar Excitation 13.27 eV,7.29691,3.02175e-16,144.732
C11 Ar Excitation 13.27 eV,7.56043,3.80371e-16,172.054
C11 Ar Excitation 13.27 eV,7.83628,4.65359e-16,201.75
C11 Ar Excitation 13.27 eV,8.12637,5.56439e-16,233.823
C11 Ar Excitation 13.27 eV,8.43263,6.52887e-16,268.271
C11 Ar Excitation 13.27 eV,8.756,7.54117e-16,305.095
C11 Ar Excitation 13.27 eV,9.09866,8.59414e-16,344.295
C11 Ar Excitation 13.27 eV,9.46271,9.68267e-16,385.87
C11 Ar Excitation 13.27 eV,9.84924,1.07977e-15,429.822
C11 Ar Excitation 13.27 eV,10.2604,1.19336e-15,476.149
C11 Ar Excitation 13.27 eV,10.6991,1.30866e-15,524.851
C11 Ar Excitation 13.27 eV,11.1681,1.42489e-15,575.93
C11 Ar Excitation 13.27 eV,11.6671,1.54069e-15,629.384
C11 Ar Excitation 13.27 eV,12.2021,1.65641e-15,685.214
C11 Ar Excitation 13.27 eV,12.7745,1.77067e-15,743.42
C11 Ar Excitation 13.27 eV,13.3861,1.8825e-15,804.001
C11 Ar Excitation 13.27 eV,14.0422,1.99228e-15,866.958
C11 Ar Excitation 13.27 eV,14.7433,2.09831e-15,932.291
C11 Ar Excitation 13.27 eV,15.4923,2.2003e-15,1000.0
C12 Ar Excitation 13.28 eV,2.4075,-4.25686e-238,1.0
C12 Ar Excitation 13.28 eV,3.52837,6.42536e-30,2.18787
C12 Ar Excitation 13.28 eV,5.08509,4.77269e-21,5.75149
C12 Ar Excitation 13.28 eV,5.39609,4.28712e-19,11.6908
C12 Ar Excitation 13.28 eV,5.62479,3.21587e-18,20.0059
C12 Ar Excitation 13.28 eV,5.85972,1.06865e-17,30.6968
C12 Ar Excitation 13.28 eV,6.09482,2.42042e-17,43.7634
C12 Ar Excitation 13.28 eV,6.32848,4.41878e-17,59.2057
C12 Ar Excitation 13.28 eV,6.56248,7.04986e-17,77.0238
C12 Ar Excitation 13.28 eV,6.80014,1.02789e-16,97.2176
C12 Ar Excitation 13.28 eV,7.04422,1.40619e-16,119.787
C12 Ar Excitation 13.28 eV,7.29691,1.83574e-16,144.732
C12 Ar Excitation 13.28 eV,7.56043,2.31206e-16,172.054
C12 Ar Excitation 13.28 eV,7.83628,2.82998e-16,201.75
C12 Ar Excitation 13.28 eV,8.12637,3.38525e-16,233.823
C12 Ar Excitation 13.28 eV,8.43263,3.97342e-16,268.271
C12 Ar Excitation 13.28 eV,8.756,4.59092e-16,305.095
C12 Ar Excitation 13.28 eV,9.09866,5.23337e-16,344.295
C12 Ar Excitation 13.28 eV,9.46271,5.89763e-16,385.87
C12 Ar Excitation 13.28 eV,9.84924,6.57818e-16,429.822
C12 Ar Excitation 13.28 eV,10.2604,7.27153e-16,476.149
C12 Ar Excitation 13.28 eV,10.6991,7.97544e-16,524.851
C12 Ar Excitation 13.28 eV,11.1681,8.68511e-16,575.93
C12 Ar Excitation 13.28 eV,11.6671,9.3922e-16,629.384
C12 Ar Excitation 13.28 eV,12.2021,1.00989e-15,685.214
C12 Ar Excitation 13.28 eV,12.7745,1.07967e-15,743.42
C12 Ar Excitation 13.28 eV,13.3861,1.14798e-15,804.001
C12 Ar Excitation 13.28 eV,14.0422,1.21504e-15,866.958
C12 Ar Excitation 13.28 eV,14.7433,1.27981e-15,932.291
C12 Ar Excitation 13.28 eV,15.4923,1.34213e-15,1000.0
C13 Ar Excitation 13.30 eV,2.4075,-1.69737e-238,1.0
C13 Ar Excitation 13.30 eV,3.52837,3.76792e-30,2.18787
C13 Ar Excitation 13.30 eV,5.08509,3.25789e-21,5.75149
C13 Ar Excitation 13.30 eV,5.39609,3.10594e-19,11.6908
C13 Ar Excitation 13.30 eV,5.62479,2.42178e-18,20.0059
C13 Ar Excitation 13.30 eV,5.85972,8.3065e-18,30.6968
C13 Ar Excitation 13.30 eV,6.09482,1.93509e-17,43.7634
C13 Ar Excitation 13.30 eV,6.32848,3.62611e-17,59.2057
C13 Ar Excitation 13.30 eV,6.56248,5.9306e-17,77.0238
C13 Ar Excitation 13.30 eV,6.80014,8.85657e-17,97.2176
C13 Ar Excitation 13.30 eV,7.04422,1.24013e-16,119.787
C13 Ar Excitation 13.30 eV,7.29691,1.65622e-16,144.732
C13 Ar Excitation 13.30 eV,7.56043,2.13308e-16,172.054
C13 Ar Excitation 13.30 eV,7.83628,2.66899e-16,201.75
C13 Ar Excitation 13.30 eV,8.12637,3.26281e-16,233.823
C13 Ar Excitation 13.30 eV,8.43263,3.91302e-16,268.271
C13 Ar Excitation 13.30 eV,8.756,4.61872e-16,305.095
C13 Ar Excitation 13.30 eV,9.09866,5.37806e-16,344.295
C13 Ar Excitation 13.30 eV,9.46271,6.1902e-16,385.87
C13 Ar Excitation 13.30 eV,9.84924,7.05165e-16,429.822
C13 Ar Excitation 13.30 eV,10.2604,7.96088e-16,476.149
C13 Ar Excitation 13.30 eV,10.6991,8.91749e-16,524.851
C13 Ar Excitation 13.30 eV,11.1681,9.91811e-16,575.93
C13 Ar Excitation 13.30 eV,11.6671,1.0955e-15,629.384
C13 Ar Excitation 13.30 eV,12.2021,1.20323e-15,685.214
C13 Ar Excitation 13.30 eV,12.7745,1.31418e-15,743.42
C13 Ar Excitation 13.30 eV,13.3861,1.42759e-15,804.001
C13 Ar Excitation 13.30 eV,14.0422,1.54375e-15,866.958
C13 Ar Excitation 13.30 eV,14.7433,1.66153e-15,932.291
C13 Ar Excitation 13.30 eV,15.4923,1.78047e-15,1000.0
C14 Ar Excitation 13.33 eV,2.4075,-4.58587e-239,1.0
C14 Ar Excitation 13.33 eV,3.52837,2.37262e-30,2.18787
C14 Ar Excitation 13.33 eV,5.08509,2.39402e-21,5.75149
C14 Ar Excitation 13.33 eV,5.39609,2.34993e-19,11.6908
C14 Ar Excitation 13.33 eV,5.62479,1.83033e-18,20.0059
C14 Ar Excitation 13.33 eV,5.85972,6.20647e-18,30.6968
C14 Ar Excitation 13.33 eV,6.09482,1.42319e-17,43.7634
C14 Ar Excitation 13.33 eV,6.32848,2.61963e-17,59.2057
C14 Ar Excitation 13.33 eV,6.56248,4.20391e-17,77.0238
C14 Ar Excitation 13.33 eV,6.80014,6.15617e-17,97.2176
C14 Ar Excitation 13.33 eV,7.04422,8.45014e-17,119.787
C14 Ar Excitation 13.33 eV,7.29691,1.10609e-16,144.732
C14 Ar Excitation 13.33 eV,7.56043,1.39611e-16,172.054
C14 Ar Excitation 13.33 eV,7.83628,1.71193e-16,201.75
C14 Ar Excitation 13.33 eV,8.12637,2.05092e-16,233.823
C14 Ar Excitation 13.33 eV,8.43263,2.41039e-16,268.271
C14 Ar Excitation 13.33 eV,8.756,2.78812e-16,305.095
C14 Ar Excitation 13.33 eV,9.09866,3.18143e-16,344.295
C14 Ar Excitation 13.33 eV,9.46271,3.58839e-16,385.87
C14 Ar Excitation 13.33 eV,9.84924,4.00559e-16,429.822
C14 Ar Excitation 13.33 eV,10.2604,4.43091e-16,476.149
C14 Ar Excitation 13.33 eV,10.6991,4.86296e-16,524.851
C14 Ar Excitation 13.33 eV,11.1681,5.29878e-16,575.93
C14 Ar Excitation 13.33 eV,11.6671,5.73326e-16,629.384
C14 Ar Excitation 13.33 eV,12.2021,6.16772e-16,685.214
C14 Ar Excitation 13.33 eV,12.7745,6.59696e-16,743.42
C14 Ar Excitation 13.33 eV,13.3861,7.01736e-16,804.001
C14 Ar Excitation 13.33 eV,14.0422,7.43027e-16,866.958
C14 Ar Excitation 13.33 eV,14.7433,7.82933e-16,932.291
C14 Ar Excitation 13.33 eV,15.4923,8.21348e-16,1000.0
C15 Ar Excitation 13.48 eV,2.4075,-4.80654e-241,1.0
C15 Ar Excitation 13.48 eV,3.52837,1.28531e-30,2.18787
C15 Ar Excitation 13.48 eV,5.08509,3.82344e-21,5.75149
C15 Ar Excitation 13.48 eV,5.39609,5.22422e-19,11.6908
C15 Ar Excitation 13.48 eV,5.62479,4.74894e-18,20.0059
C15 Ar Excitation 13.48 eV,5.85972,1.76784e-17,30.6968
C15 Ar Excitation 13.48 eV,6.09482,4.32771e-17,43.7634
C15 Ar Excitation 13.48 eV,6.32848,8.37978e-17,59.2057
C15 Ar Excitation 13.48 eV,6.56248,1.4027e-16,77.0238
C15 Ar Excitation 13.48 eV,6.80014,2.13122e-16,97.2176
C15 Ar Excitation 13.48 eV,7.04422,3.0243e-16,119.787
C15 Ar Excitation 13.48 eV,7.29691,4.08229e-16,144.732
C15 Ar Excitation 13.48 eV,7.56043,5.30363e-16,172.054
C15 Ar Excitation 13.48 eV,7.83628,6.68444e-16,201.75
C15 Ar Excitation 13.48 eV,8.12637,8.22197e-16,233.823
C15 Ar Excitation 13.48 eV,8.43263,9.91254e-16,268.271
C15 Ar Excitation 13.48 eV,8.756,1.17539e-15,305.095
C15 Ar Excitation 13.48 eV,9.09866,1.37414e-15,344.295
C15 Ar Excitation 13.48 eV,9.46271,1.58728e-15,385.87
C15 Ar Excitation 13.48 eV,9.84924,1.8139e-15,429.822
C15 Ar Excitation 13.48 eV,10.2604,2.05361e-15,476.149
C15 Ar Excitation 13.48 eV,10.6991,2.3063e-15,524.851
C15 Ar Excitation 13.48 eV,11.1681,2.57109e-15,575.93
C15 Ar Excitation 13.48 eV,11.6671,2.84595e-15,629.384
C15 Ar Excitation 13.48 eV,12.2021,3.13193e-15,685.214
C15 Ar Excitation 13.48 eV,12.7745,3.42691e-15,743.42
C15 Ar Excitation 13.48 eV,13.3861,3.72885e-15,804.001
C15 Ar Excitation 13.48 eV,14.0422,4.03846e-15,866.958
C15 Ar Excitation 13.48 eV,14.7433,4.35278e-15,932.291
C15 Ar Excitation 13.48 eV,15.4923,4.67055e-15,1000.0
C16 Ar Excitation 13.84 eV,2.4075,-1.03626e-246,1.0
C16 Ar Excitation 13.84 eV,3.52837,5.33049e-32,2.18787
C16 Ar Excitation 13.84 eV,5.08509,2.34944e-21,5.75149
C16 Ar Excitation 13.84 eV,5.39609,7.06607e-19,11.6908
C16 Ar Excitation 13.84 eV,5.62479,8.76294e-18,20.0059
C16 Ar Excitation 13.84 eV,5.85972,3.75848e-17,30.6968
C16 Ar Excitation 13.84 eV,6.09482,9.84107e-17,43.7634
C16 Ar Excitation 13.84 eV,6.32848,1.96307e-16,59.2057
C16 Ar Excitation 13.84 eV,6.56248,3.31505e-16,77.0238
C16 Ar Excitation 13.84 eV,6.80014,5.0172e-16,97.2176
C16 Ar Excitation 13.84 eV,7.04422,7.03452e-16,119.787
C16 Ar Excitation 13.84 eV,7.29691,9.3313e-16,144.732
C16 Ar Excitation 13.84 eV,7.56043,1.18689e-15,172.054
C16 Ar Excitation 13.84 eV,7.83628,1.46064e-15,201.75
C16 Ar Excitation 13.84 eV,8.12637,1.75087e-15,233.823
C16 Ar Excitation 13.84 eV,8.43263,2.05414e-15,268.271
C16 Ar Excitation 13.84 eV,8.756,2.36766e-15,305.095
C16 Ar Excitation 13.84 eV,9.09866,2.68835e-15,344.295
C16 Ar Excitation 13.84 eV,9.46271,3.01394e-15,385.87
C16 Ar Excitation 13.84 eV,9.84924,3.34105e-15,429.822
C16 Ar Excitation 13.84 eV,10.2604,3.66751e-15,476.149
C16 Ar Excitation 13.84 eV,10.6991,3.9919e-15,524.851
C16 Ar Excitation 13.84 eV,11.1681,4.31157e-15,575.93
C16 Ar Excitation 13.84 eV,11.6671,4.62222e-15,629.384
C16 Ar Excitation 13.84 eV,12.2021,4.92498e-15,685.214
C16 Ar Excitation 13.84 eV,12.7745,5.2156e-15,743.42
C16 Ar Excitation 13.84 eV,13.3861,5.49153e-15,804.001
C16 Ar Excitation 13.84 eV,14.0422,5.75428e-15,866.958
C16 Ar Excitation 13.84 eV,14.7433,5.9989e-15,932.291
C16 Ar Excitation 13.84 eV,15.4923,6.22546e-15,1000.0
C17 Ar Excitation 13.86 eV,2.4075,-7.81483e-250,1.0
C17 Ar Excitation 13.86 eV,3.52837,3.09654e-36,2.18787
C17 Ar Excitation 13.86 eV,5.08509,3.61524e-25,5.75149
C17 Ar Excitation 13.86 eV,5.39609,2.07279e-22,11.6908
C17 Ar Excitation 13.86 eV,5.62479,4.06909e-21,20.0059
C17 Ar Excitation 13.86 eV,5.85972,2.46831e-20,30.6968
C17 Ar Excitation 13.86 eV,6.09482,8.53394e-20,43.7634
C17 Ar Excitation 13.86 eV,6.32848,2.14989e-19,59.2057
C17 Ar Excitation 13.86 eV,6.56248,4.44736e-19,77.0238
C17 Ar Excitation 13.86 eV,6.80014,8.0625e-19,97.2176
C17 Ar Excitation 13.86 eV,7.04422,1.33061e-18,119.787
C17 Ar Excitation 13.86 eV,7.29691,2.04897e-18,144.732
C17 Ar Excitation 13.86 eV,7.56043,2.99154e-18,172.054
C17 Ar Excitation 13.86 eV,7.83628,4.18685e-18,201.75
C17 Ar Excitation 13.86 eV,8.12637,5.66347e-18,233.823
C17 Ar Excitation 13.86 eV,8.43263,7.44917e-18,268.271
C17 Ar Excitation 13.86 eV,8.756,9.5726e-18,305.095
C17 Ar Excitation 13.86 eV,9.09866,1.20601e-17,344.295
C17 Ar Excitation 13.86 eV,9.46271,1.494e-17,385.87
C17 Ar Excitation 13.86 eV,9.84924,1.82343e-17,429.822
C17 Ar Excitation 13.86 eV,10.2604,2.1969e-17,476.149
C17 Ar Excitation 13.86 eV,10.6991,2.61725e-17,524.851
C17 Ar Excitation 13.86 eV,11.1681,3.08651e-17,575.93
C17 Ar Excitation 13.86 eV,11.6671,3.60514e-17,629.384
C17 Ar Excitation 13.86 eV,12.2021,4.17718e-17,685.214
C17 Ar Excitation 13.86 eV,12.7745,4.80312e-17,743.42
C17 Ar Excitation 13.86 eV,13.3861,5.48106e-17,804.001
C17 Ar Excitation 13.86 eV,14.0422,6.21373e-17,866.958
C17 Ar Excitation 13.86 eV,14.7433,6.99963e-17,932.291
C17 Ar Excitation 13.86 eV,15.4923,7.83637e-17,1000.0
C18 Ar Excitation 13.90 eV,2.4075,-9.97619e-248,1.0
C18 Ar Excitation 13.90 eV,3.52837,2.27292e-32,2.18787
C18 Ar Excitation 13.90 eV,5.08509,1.60633e-21,5.75149
C18 Ar Excitation 13.90 eV,5.39609,5.59618e-19,11.6908
C18 Ar Excitation 13.90 eV,5.62479,7.38528e-18,20.0059
C18 Ar Excitation 13.90 eV,5.85972,3.27096e-17,30.6968
C18 Ar Excitation 13.90 eV,6.09482,8.72841e-17,43.7634
C18 Ar Excitation 13.90 eV,6.32848,1.76269e-16,59.2057
C18 Ar Excitation 13.90 eV,6.56248,3.00241e-16,77.0238
C18 Ar Excitation 13.90 eV,6.80014,4.57291e-16,97.2176
C18 Ar Excitation 13.90 eV,7.04422,6.44272e-16,119.787
C18 Ar Excitation 13.90 eV,7.29691,8.57907e-16,144.732
C18 Ar Excitation 13.90 eV,7.56043,1.0946e-15,172.054
C18 Ar Excitation 13.90 eV,7.83628,1.35052e-15,201.75
C18 Ar Excitation 13.90 eV,8.12637,1.62236e-15,233.823
C18 Ar Excitation 13.90 eV,8.43263,1.90687e-15,268.271
C18 Ar Excitation 13.90 eV,8.756,2.2014e-15,305.095
C18 Ar Excitation 13.90 eV,9.09866,2.50305e-15,344.295
C18 Ar Excitation 13.90 eV,9.46271,2.80963e-15,385.87
C18 Ar Excitation 13.90 eV,9.84924,3.11795e-15,429.822
C18 Ar Excitation 13.90 eV,10.2604,3.42593e-15,476.149
C18 Ar Excitation 13.90 eV,10.6991,3.73223e-15,524.851
C18 Ar Excitation 13.90 eV,11.1681,4.03431e-15,575.93
C18 Ar Excitation 13.90 eV,11.6671,4.32814e-15,629.384
C18 Ar Excitation 13.90 eV,12.2021,4.61473e-15,685.214
C18 Ar Excitation 13.90 eV,12.7745,4.89006e-15,743.42
C18 Ar Excitation 13.90 eV,13.3861,5.15171e-15,804.001
C18 Ar Excitation 13.90 eV,14.0422,5.40106e-15,866.958
C18 Ar Excitation 13.90 eV,14.7433,5.63345e-15,932.291
C18 Ar Excitation 13.90 eV,15.4923,5.8489e-15,1000.0
C19 Ar Excitation 13.98 eV,2.4075,-4.25089e-249,1.0
C19 Ar Excitation 13.98 eV,3.52837,6.42822e-33,2.18787
C19 Ar Excitation 13.98 eV,5.08509,8.48113e-22,5.75149
C19 Ar Excitation 13.98 eV,5.39609,3.5895e-19,11.6908
C19 Ar Excitation 13.98 eV,5.62479,5.14114e-18,20.0059
C19 Ar Excitation 13.98 eV,5.85972,2.37452e-17,30.6968
C19 Ar Excitation 13.98 eV,6.09482,6.49444e-17,43.7634
C19 Ar Excitation 13.98 eV,6.32848,1.33269e-16,59.2057
C19 Ar Excitation 13.98 eV,6.56248,2.29547e-16,77.0238
C19 Ar Excitation 13.98 eV,6.80014,3.52506e-16,97.2176
C19 Ar Excitation 13.98 eV,7.04422,4.99775e-16,119.787
C19 Ar Excitation 13.98 eV,7.29691,6.68811e-16,144.732
C19 Ar Excitation 13.98 eV,7.56043,8.56769e-16,172.054
C19 Ar Excitation 13.98 eV,7.83628,1.06059e-15,201.75
C19 Ar Excitation 13.98 eV,8.12637,1.27761e-15,233.823
C19 Ar Excitation 13.98 eV,8.43263,1.50522e-15,268.271
C19 Ar Excitation 13.98 eV,8.756,1.74124e-15,305.095
C19 Ar Excitation 13.98 eV,9.09866,1.98333e-15,344.295
C19 Ar Excitation 13.98 eV,9.46271,2.22972e-15,385.87
C19 Ar Excitation 13.98 eV,9.84924,2.4778e-15,429.822
C19 Ar Excitation 13.98 eV,10.2604,2.7259e-15,476.149
C19 Ar Excitation 13.98 eV,10.6991,2.97291e-15,524.851
C19 Ar Excitation 13.98 eV,11.1681,3.21677e-15,575.93
C19 Ar Excitation 13.98 eV,11.6671,3.45424e-15,629.384
C19 Ar Excitation 13.98 eV,12.2021,3.68609e-15,685.214
C19 Ar Excitation 13.98 eV,12.7745,3.90906e-15,743.42
C19 Ar Excitation 13.98 eV,13.3861,4.12124e-15,804.001
C19 Ar Excitation 13.98 eV,14.0422,4.32362e-15,866.958
C19 Ar Excitation 13.98 eV,14.7433,4.51252e-15,932.291
C19 Ar Excitation 13.98 eV,15.4923,4.68788e-15,1000.0
C20 Ar Excitation 14.02 eV,2.4075,-2.88048e-250,1.0
C20 Ar Excitation 14.02 eV,3.52837,1.02915e-33,2.18787
C20 Ar Excitation 14.02 eV,5.08509,1.93224e-22,5.75149
C20 Ar Excitation 14.02 eV,5.39609,9.26485e-20,11.6908
C20 Ar Excitation 14.02 eV,5.62479,1.41573e-18,20.0059
C20 Ar Excitation 14.02 eV,5.85972,6.82882e-18,30.6968
C20 Ar Excitation 14.02 eV,6.09482,1.93215e-17,43.7634
C20 Ar Excitation 14.02 eV,6.32848,4.08123e-17,59.2057
C20 Ar Excitation 14.02 eV,6.56248,7.21465e-17,77.0238
C20 Ar Excitation 14.02 eV,6.80014,1.13486e-16,97.2176
C20 Ar Excitation 14.02 eV,7.04422,1.6457e-16,119.787
C20 Ar Excitation 14.02 eV,7.29691,2.25008e-16,144.732
C20 Ar Excitation 14.02 eV,7.56043,2.94228e-16,172.054
C20 Ar Excitation 14.02 eV,7.83628,3.7151e-16,201.75
C20 Ar Excitation 14.02 eV,8.12637,4.56191e-16,233.823
C20 Ar Excitation 14.02 eV,8.43263,5.47566e-16,268.271
C20 Ar Excitation 14.02 eV,8.756,6.45022e-16,305.095
C20 Ar Excitation 14.02 eV,9.09866,7.47844e-16,344.295
C20 Ar Excitation 14.02 eV,9.46271,8.55465e-16,385.87
C20 Ar Excitation 14.02 eV,9.84924,9.66959e-16,429.822
C20 Ar Excitation 14.02 eV,10.2604,1.08172e-15,476.149
C20 Ar Excitation 14.02 eV,10.6991,1.19934e-15,524.851
C20 Ar Excitation 14.02 eV,11.1681,1.31896e-15,575.93
C20 Ar Excitation 14.02 eV,11.6671,1.43926e-15,629.384
C20 Ar Excitation 14.02 eV,12.2021,1.56046e-15,685.214
C20 Ar Excitation 14.02 eV,12.7745,1.68116e-15,743.42
C20 Ar Excitation 14.02 eV,13.3861,1.80032e-15,804.001
C20 Ar Excitation 14.02 eV,14.0422,1.91815e-15,866.958
C20 Ar Excitation 14.02 eV,14.7433,2.03298e-15,932.291
C20 Ar Excitation 14.02 eV,15.4923,2.14436e-15,1000.0
C21 Ar Excitation 14.06 eV,2.4075,-6.50585e-251,1.0
C21 Ar Excitation 14.06 eV,3.52837,6.9865e-34,2.18787
C21 Ar Excitation 14.06 eV,5.08509,1.92352e-22,5.75149
C21 Ar Excitation 14.06 eV,5.39609,1.03946e-19,11.6908
C21 Ar Excitation 14.06 eV,5.62479,1.66938e-18,20.0059
C21 Ar Excitation 14.06 eV,5.85972,8.25889e-18,30.6968
C21 Ar Excitation 14.06 eV,6.09482,2.37163e-17,43.7634
C21 Ar Excitation 14.06 eV,6.32848,5.0576e-17,59.2057
C21 Ar Excitation 14.06 eV,6.56248,9.00015e-17,77.0238
C21 Ar Excitation 14.06 eV,6.80014,1.42263e-16,97.2176
C21 Ar Excitation 14.06 eV,7.04422,2.07072e-16,119.787
C21 Ar Excitation 14.06 eV,7.29691,2.83952e-16,144.732
C21 Ar Excitation 14.06 eV,7.56043,3.7219e-16,172.054
C21 Ar Excitation 14.06 eV,7.83628,4.70875e-16,201.75
C21 Ar Excitation 14.06 eV,8.12637,5.7916e-16,233.823
C21 Ar Excitation 14.06 eV,8.43263,6.96142e-16,268.271
C21 Ar Excitation 14.06 eV,8.756,8.21031e-16,305.095
C21 Ar Excitation 14.06 eV,9.09866,9.52913e-16,344.295
C21 Ar Excitation 14.06 eV,9.46271,1.09105e-15,385.87
C21 Ar Excitation 14.06 eV,9.84924,1.23426e-15,429.822
C21 Ar Excitation 14.06 eV,10.2604,1.38175e-15,476.149
C21 Ar Excitation 14.06 eV,10.6991,1.53299e-15,524.851
C21 Ar Excitation 14.06 eV,11.1681,1.6869e-15,575.93
C21 Ar Excitation 14.06 eV,11.6671,1.84176e-15,629.384
C21 Ar Excitation 14.06 eV,12.2021,1.99786e-15,685.214
C21 Ar Excitation 14.06 eV,12.7745,2.15338e-15,743.42
C21 Ar Excitation 14.06 eV,13.3861,2.307e-15,804.001
C21 Ar Excitation 14.06 eV,14.0422,2.45895e-15,866.958
C21 Ar Excitation 14.06 eV,14.7433,2.60712e-15,932.291
C21 Ar Excitation 14.06 eV,15.4923,2.75091e-15,1000.0
C22 Ar Excitation 14.09 eV,2.4075,-3.153e-252,1.0
C22 Ar Excitation 14.09 eV,3.52837,3.37191e-36,2.18787
C22 Ar Excitation 14.09 eV,5.08509,2.52215e-24,5.75149
C22 Ar Excitation 14.09 eV,5.39609,2.63417e-21,11.6908
C22 Ar Excitation 14.09 eV,5.62479,6.66398e-20,20.0059
C22 Ar Excitation 14.09 eV,5.85972,4.60633e-19,30.6968
C22 Ar Excitation 14.09 eV,6.09482,1.72191e-18,43.7634
C22 Ar Excitation 14.09 eV,6.32848,4.5674e-18,59.2057
C22 Ar Excitation 14.09 eV,6.56248,9.79992e-18,77.0238
C22 Ar Excitation 14.09 eV,6.80014,1.82554e-17,97.2176
C22 Ar Excitation 14.09 eV,7.04422,3.07659e-17,119.787
C22 Ar Excitation 14.09 eV,7.29691,4.81709e-17,144.732
C22 Ar Excitation 14.09 eV,7.56043,7.12901e-17,172.054
C22 Ar Excitation 14.09 eV,7.83628,1.00905e-16,201.75
C22 Ar Excitation 14.09 eV,8.12637,1.37797e-16,233.823
C22 Ar Excitation 14.09 eV,8.43263,1.82727e-16,268.271
C22 Ar Excitation 14.09 eV,8.756,2.3648e-16,305.095
C22 Ar Excitation 14.09 eV,9.09866,2.9978e-16,344.295
C22 Ar Excitation 14.09 eV,9.46271,3.73402e-16,385.87
C22 Ar Excitation 14.09 eV,9.84924,4.57958e-16,429.822
C22 Ar Excitation 14.09 eV,10.2604,5.5417e-16,476.149
C22 Ar Excitation 14.09 eV,10.6991,6.62806e-16,524.851
C22 Ar Excitation 14.09 eV,11.1681,7.84438e-16,575.93
C22 Ar Excitation 14.09 eV,11.6671,9.19232e-16,629.384
C22 Ar Excitation 14.09 eV,12.2021,1.06826e-15,685.214
C22 Ar Excitation 14.09 eV,12.7745,1.23171e-15,743.42
C22 Ar Excitation 14.09 eV,13.3861,1.40911e-15,804.001
C22 Ar Excitation 14.09 eV,14.0422,1.60117e-15,866.958
C22 Ar Excitation 14.09 eV,14.7433,1.80756e-15,932.291
C22 Ar Excitation 14.09 eV,15.4923,2.02766e-15,1000.0
C23 Ar Excitation 14.15 eV,2.4075,-5.58175e-253,1.0
C23 Ar Excitation 14.15 eV,3.52837,2.53274e-36,2.18787
C23 Ar Excitation 14.15 eV,5.08509,3.36126e-24,5.75149
C23 Ar Excitation 14.15 eV,5.39609,4.18148e-21,11.6908
C23 Ar Excitation 14.15 eV,5.62479,1.1372e-19,20.0059
C23 Ar Excitation 14.15 eV,5.85972,8.1568e-19,30.6968
C23 Ar Excitation 14.15 eV,6.09482,3.11721e-18,43.7634
C23 Ar Excitation 14.15 eV,6.32848,8.38977e-18,59.2057
C23 Ar Excitation 14.15 eV,6.56248,1.81873e-17,77.0238
C23 Ar Excitation 14.15 eV,6.80014,3.41381e-17,97.2176
C23 Ar Excitation 14.15 eV,7.04422,5.78692e-17,119.787
C23 Ar Excitation 14.15 eV,7.29691,9.10245e-17,144.732
C23 Ar Excitation 14.15 eV,7.56043,1.35213e-16,172.054
C23 Ar Excitation 14.15 eV,7.83628,1.91972e-16,201.75
C23 Ar Excitation 14.15 eV,8.12637,2.6284e-16,233.823
C23 Ar Excitation 14.15 eV,8.43263,3.49317e-16,268.271
C23 Ar Excitation 14.15 eV,8.756,4.52945e-16,305.095
C23 Ar Excitation 14.15 eV,9.09866,5.75154e-16,344.295
C23 Ar Excitation 14.15 eV,9.46271,7.17471e-16,385.87
C23 Ar Excitation 14.15 eV,9.84924,8.81109e-16,429.822
C23 Ar Excitation 14.15 eV,10.2604,1.06749e-15,476.149
C23 Ar Excitation 14.15 eV,10.6991,1.27812e-15,524.851
C23 Ar Excitation 14.15 eV,11.1681,1.51415e-15,575.93
C23 Ar Excitation 14.15 eV,11.6671,1.7759e-15,629.384
C23 Ar Excitation 14.15 eV,12.2021,2.0655e-15,685.214
C23 Ar Excitation 14.15 eV,12.7745,2.38331e-15,743.42
C23 Ar Excitation 14.15 eV,13.3861,2.72842e-15,804.001
C23 Ar Excitation 14.15 eV,14.0422,3.10226e-15,866.958
C23 Ar Excitation 14.15 eV,14.7433,3.50419e-15,932.291
C23 Ar Excitation 14.15 eV,15.4923,3.93299e-15,1000.0
C24 Ar Excitation 14.21 eV,2.4075,-2.89755e-253,1.0
C24 Ar Excitation 14.21 eV,3.52837,1.27816e-34,2.18787
C24 Ar Excitation 14.21 eV,5.08509,1.26641e-22,5.75149
C24 Ar Excitation 14.21 eV,5.39609,1.00888e-19,11.6908
C24 Ar Excitation 14.21 eV,5.62479,1.87999e-18,20.0059
C24 Ar Excitation 14.21 eV,5.85972,9.92769e-18,30.6968
C24 Ar Excitation 14.21 eV,6.09482,2.93719e-17,43.7634
C24 Ar Excitation 14.21 eV,6.32848,6.34195e-17,59.2057
C24 Ar Excitation 14.21 eV,6.56248,1.13177e-16,77.0238
C24 Ar Excitation 14.21 eV,6.80014,1.78383e-16,97.2176
C24 Ar Excitation 14.21 eV,7.04422,2.57977e-16,119.787
C24 Ar Excitation 14.21 eV,7.29691,3.50665e-16,144.732
C24 Ar Excitation 14.21 eV,7.56043,4.54904e-16,172.054
C24 Ar Excitation 14.21 eV,7.83628,5.68999e-16,201.75
C24 Ar Excitation 14.21 eV,8.12637,6.91414e-16,233.823
C24 Ar Excitation 14.21 eV,8.43263,8.2064e-16,268.271
C24 Ar Excitation 14.21 eV,8.756,9.55373e-16,305.095
C24 Ar Excitation 14.21 eV,9.09866,1.09426e-15,344.295
C24 Ar Excitation 14.21 eV,9.46271,1.23623e-15,385.87
C24 Ar Excitation 14.21 eV,9.84924,1.37973e-15,429.822
C24 Ar Excitation 14.21 eV,10.2604,1.52378e-15,476.149
C24 Ar Excitation 14.21 eV,10.6991,1.66768e-15,524.851
C24 Ar Excitation 14.21 eV,11.1681,1.81022e-15,575.93
C24 Ar Excitation 14.21 eV,11.6671,1.94952e-15,629.384
C24 Ar Excitation 14.21 eV,12.2021,2.08595e-15,685.214
C24 Ar Excitation 14.21 eV,12.7745,2.21758e-15,743.42
C24 Ar Excitation 14.21 eV,13.3861,2.34332e-15,804.001
C24 Ar Excitation 14.21 eV,14.0422,2.46362e-15,866.958
C24 Ar Excitation 14.21 eV,14.7433,2.57638e-15,932.291
C24 Ar Excitation 14.21 eV,15.4923,2.68148e-15,1000.0
C25 Ar Excitation 14.24 eV,2.4075,-7.76494e-254,1.0
C25 Ar Excitation 14.24 eV,3.52837,5.08543e-35,2.18787
C25 Ar Excitation 14.24 eV,5.08509,6.25631e-23,5.75149
C25 Ar Excitation 14.24 eV,5.39609,5.41046e-20,11.6908
C25 Ar Excitation 14.24 eV,5.62479,1.05609e-18,20.0059
C25 Ar Excitation 14.24 eV,5.85972,5.76688e-18,30.6968
C25 Ar Excitation 14.24 eV,6.09482,1.7543e-17,43.7634
C25 Ar Excitation 14.24 eV,6.32848,3.8832e-17,59.2057
C25 Ar Excitation 14.24 eV,6.56248,7.09206e-17,77.0238
C25 Ar Excitation 14.24 eV,6.80014,1.14262e-16,97.2176
C25 Ar Excitation 14.24 eV,7.04422,1.68757e-16,119.787
C25 Ar Excitation 14.24 eV,7.29691,2.34087e-16,144.732
C25 Ar Excitation 14.24 eV,7.56043,3.09689e-16,172.054
C25 Ar Excitation 14.24 eV,7.83628,3.94817e-16,201.75
C25 Ar Excitation 14.24 eV,8.12637,4.88746e-16,233.823
C25 Ar Excitation 14.24 eV,8.43263,5.90696e-16,268.271
C25 Ar Excitation 14.24 eV,8.756,6.99966e-16,305.095
C25 Ar Excitation 14.24 eV,9.09866,8.15761e-16,344.295
C25 Ar Excitation 14.24 eV,9.46271,9.37418e-16,385.87
C25 Ar Excitation 14.24 eV,9.84924,1.06389e-15,429.822
C25 Ar Excitation 14.24 eV,10.2604,1.19447e-15,476.149
C25 Ar Excitation 14.24 eV,10.6991,1.32868e-15,524.851
C25 Ar Excitation 14.24 eV,11.1681,1.46555e-15,575.93
C25 Ar Excitation 14.24 eV,11.6671,1.60356e-15,629.384
C25 Ar Excitation 14.24 eV,12.2021,1.74294e-15,685.214
C25 Ar Excitation 14.24 eV,12.7745,1.88207e-15,743.42
C25 Ar Excitation 14.24 eV,13.3861,2.01977e-15,804.001
C25 Ar Excitation 14.24 eV,14.0422,2.15621e-15,866.958
C25 Ar Excitation 14.24 eV,14.7433,2.28952e-15,932.291
C25 Ar Excitation 14.24 eV,15.4923,2.4191e-15,1000.0
C26 Ar Excitation 14.25 eV,2.4075,-2.41351e-255,1.0
C26 Ar Excitation 14.25 eV,3.52837,1.21826e-37,2.18787
C26 Ar Excitation 14.25 eV,5.08509,4.00778e-25,5.75149
C26 Ar Excitation 14.25 eV,5.39609,6.65889e-22,11.6908
C26 Ar Excitation 14.25 eV,5.62479,2.04248e-20,20.0059
C26 Ar Excitation 14.25 eV,5.85972,1.55774e-19,30.6968
C26 Ar Excitation 14.25 eV,6.09482,6.17457e-19,43.7634
C26 Ar Excitation 14.25 eV,6.32848,1.70233e-18,59.2057
C26 Ar Excitation 14.25 eV,6.56248,3.75382e-18,77.0238
C26 Ar Excitation 14.25 eV,6.80014,7.13622e-18,97.2176
C26 Ar Excitation 14.25 eV,7.04422,1.22163e-17,119.787
C26 Ar Excitation 14.25 eV,7.29691,1.93654e-17,144.732
C26 Ar Excitation 14.25 eV,7.56043,2.89482e-17,172.054
C26 Ar Excitation 14.25 eV,7.83628,4.13135e-17,201.75
C26 Ar Excitation 14.25 eV,8.12637,5.68106e-17,233.823
C26 Ar Excitation 14.25 eV,8.43263,7.57806e-17,268.271
C26 Ar Excitation 14.25 eV,8.756,9.85737e-17,305.095
C26 Ar Excitation 14.25 eV,9.09866,1.25516e-16,344.295
C26 Ar Excitation 14.25 eV,9.46271,1.56954e-16,385.87
C26 Ar Excitation 14.25 eV,9.84924,1.93167e-16,429.822
C26 Ar Excitation 14.25 eV,10.2604,2.34479e-16,476.149
C26 Ar Excitation 14.25 eV,10.6991,2.81233e-16,524.851
C26 Ar Excitation 14.25 eV,11.1681,3.3369e-16,575.93
C26 Ar Excitation 14.25 eV,11.6671,3.91936e-16,629.384
C26 Ar Excitation 14.25 eV,12.2021,4.56445e-16,685.214
C26 Ar Excitation 14.25 eV,12.7745,5.27311e-16,743.42
C26 Ar Excitation 14.25 eV,13.3861,6.04337e-16,804.001
C26 Ar Excitation 14.25 eV,14.0422,6.87843e-16,866.958
C26 Ar Excitation 14.25 eV,14.7433,7.77693e-16,932.291
C26 Ar Excitation 14.25 eV,15.4923,8.73623e-16,1000.0
C27 Ar Excitation 14.30 eV,2.4075,-3.18431e-255,1.0
C27 Ar Excitation 14.30 eV,3.52837,5.33212e-37,2.18787
C27 Ar Excitation 14.30 eV,5.08509,2.60089e-24,5.75149
C27 Ar Excitation 14.30 eV,5.39609,4.96276e-21,11.6908
C27 Ar Excitation 14.30 eV,5.62479,1.61336e-19,20.0059
C27 Ar Excitation 14.30 eV,5.85972,1.26748e-18,30.6968
C27 Ar Excitation 14.30 eV,6.09482,5.11351e-18,43.7634
C27 Ar Excitation 14.30 eV,6.32848,1.42625e-17,59.2057
C27 Ar Excitation 14.30 eV,6.56248,3.17076e-17,77.0238
C27 Ar Excitation 14.30 eV,6.80014,6.06412e-17,97.2176
C27 Ar Excitation 14.30 eV,7.04422,1.04288e-16,119.787
C27 Ar Excitation 14.30 eV,7.29691,1.65922e-16,144.732
C27 Ar Excitation 14.30 eV,7.56043,2.48764e-16,172.054
C27 Ar Excitation 14.30 eV,7.83628,3.55901e-16,201.75
C27 Ar Excitation 14.30 eV,8.12637,4.90428e-16,233.823
C27 Ar Excitation 14.30 eV,8.43263,6.55368e-16,268.271
C27 Ar Excitation 14.30 eV,8.756,8.53824e-16,305.095
C27 Ar Excitation 14.30 eV,9.09866,1.08869e-15,344.295
C27 Ar Excitation 14.30 eV,9.46271,1.36303e-15,385.87
C27 Ar Excitation 14.30 eV,9.84924,1.67934e-15,429.822
C27 Ar Excitation 14.30 eV,10.2604,2.04048e-15,476.149
C27 Ar Excitation 14.30 eV,10.6991,2.4495e-15,524.851
C27 Ar Excitation 14.30 eV,11.1681,2.90871e-15,575.93
C27 Ar Excitation 14.30 eV,11.6671,3.41893e-15,629.384
C27 Ar Excitation 14.30 eV,12.2021,3.9843e-15,685.214
C27 Ar Excitation 14.30 eV,12.7745,4.60571e-15,743.42
C27 Ar Excitation 14.30 eV,13.3861,5.28144e-15,804.001
C27 Ar Excitation 14.30 eV,14.0422,6.01432e-15,866.958
C27 Ar Excitation 14.30 eV,14.7433,6.80319e-15,932.291
C27 Ar Excitation 14.30 eV,15.4923,7.64574e-15,1000.0
C28 Ar Excitation 14.46 eV,2.4075,-3.4395e-259,1.0
C28 Ar Excitation 14.46 eV,3.52837,4.22624e-38,2.18787
C28 Ar Excitation 14.46 eV,5.08509,4.16185e-25,5.75149
C28 Ar Excitation 14.46 eV,5.39609,6.93426e-22,11.6908
C28 Ar Excitation 14.46 eV,5.62479,1.77097e-20,20.0059
C28 Ar Excitation 14.46 eV,5.85972,1.10695e-19,30.6968
C28 Ar Excitation 14.46 eV,6.09482,3.64373e-19,43.7634
C28 Ar Excitation 14.46 eV,6.32848,8.48699e-19,59.2057
C28 Ar Excitation 14.46 eV,6.56248,1.60585e-18,77.0238
C28 Ar Excitation 14.46 eV,6.80014,2.65509e-18,97.2176
C28 Ar Excitation 14.46 eV,7.04422,3.99928e-18,119.787
C28 Ar Excitation 14.46 eV,7.29691,5.63373e-18,144.732
C28 Ar Excitation 14.46 eV,7.56043,7.54623e-18,172.054
C28 Ar Excitation 14.46 eV,7.83628,9.71896e-18,201.75
C28 Ar Excitation 14.46 eV,8.12637,1.21339e-17,233.823
C28 Ar Excitation 14.46 eV,8.43263,1.47711e-17,268.271
C28 Ar Excitation 14.46 eV,8.756,1.76122e-17,305.095
C28 Ar Excitation 14.46 eV,9.09866,2.06366e-17,344.295
C28 Ar Excitation 14.46 eV,9.46271,2.38264e-17,385.87
C28 Ar Excitation 14.46 eV,9.84924,2.71542e-17,429.822
C28 Ar Excitation 14.46 eV,10.2604,3.06012e-17,476.149
C28 Ar Excitation 14.46 eV,10.6991,3.41542e-17,524.851
C28 Ar Excitation 14.46 eV,11.1681,3.77874e-17,575.93
C28 Ar Excitation 14.46 eV,11.6671,4.1461e-17,629.384
C28 Ar Excitation 14.46 eV,12.2021,4.51799e-17,685.214
C28 Ar Excitation 14.46 eV,12.7745,4.8901e-17,743.42
C28 Ar Excitation 14.46 eV,13.3861,5.25936e-17,804.001
C28 Ar Excitation 14.46 eV,14.0422,5.62595e-17,866.958
C28 Ar Excitation 14.46 eV,14.7433,5.98503e-17,932.291
C28 Ar Excitation 14.46 eV,15.4923,6.33483e-17,1000.0
C29 Ar Excitation 14.50 eV,2.4075,-1.37061e-259,1.0
C29 Ar Excitation 14.50 eV,3.52837,3.7217e-38,2.18787
C29 Ar Excitation 14.50 eV,5.08509,5.13894e-25,5.75149
C29 Ar Excitation 14.50 eV,5.39609,9.52054e-22,11.6908
C29 Ar Excitation 14.50 eV,5.62479,2.53891e-20,20.0059
C29 Ar Excitation 14.50 eV,5.85972,1.62165e-19,30.6968
C29 Ar Excitation 14.50 eV,6.09482,5.40544e-19,43.7634
C29 Ar Excitation 14.50 eV,6.32848,1.26925e-18,59.2057
C29 Ar Excitation 14.50 eV,6.56248,2.41506e-18,77.0238
C29 Ar Excitation 14.50 eV,6.80014,4.00938e-18,97.2176
C29 Ar Excitation 14.50 eV,7.04422,6.05801e-18,119.787
C29 Ar Excitation 14.50 eV,7.29691,8.55473e-18,144.732
C29 Ar Excitation 14.50 eV,7.56043,1.14815e-17,172.054
C29 Ar Excitation 14.50 eV,7.83628,1.48113e-17,201.75
C29 Ar Excitation 14.50 eV,8.12637,1.85168e-17,233.823
C29 Ar Excitation 14.50 eV,8.43263,2.25674e-17,268.271
C29 Ar Excitation 14.50 eV,8.756,2.6935e-17,305.095
C29 Ar Excitation 14.50 eV,9.09866,3.15878e-17,344.295
C29 Ar Excitation 14.50 eV,9.46271,3.64983e-17,385.87
C29 Ar Excitation 14.50 eV,9.84924,4.16241e-17,429.822
C29 Ar Excitation 14.50 eV,10.2604,4.69365e-17,476.149
C29 Ar Excitation 14.50 eV,10.6991,5.24147e-17,524.851
C29 Ar Excitation 14.50 eV,11.1681,5.80191e-17,575.93
C29 Ar Excitation 14.50 eV,11.6671,6.3688e-17,629.384
C29 Ar Excitation 14.50 eV,12.2021,6.94294e-17,685.214
C29 Ar Excitation 14.50 eV,12.7745,7.51762e-17,743.42
C29 Ar Excitation 14.50 eV,13.3861,8.08812e-17,804.001
C29 Ar Excitation 14.50 eV,14.0422,8.65471e-17,866.958
C29 Ar Excitation 14.50 eV,14.7433,9.20989e-17,932.291
C29 Ar Excitation 14.50 eV,15.4923,9.75092e-17,1000.0
C30 Ar Excitation 14.50 eV,2.4075,-1.43454e-259,1.0
C30 Ar Excitation 14.50 eV,3.52837,3.9228e-38,2.18787
C30 Ar Excitation 14.50 eV,5.08509,5.84718e-25,5.75149
C30 Ar Excitation 14.50 eV,5.39609,1.12477e-21,11.6908
C30 Ar Excitation 14.50 eV,5.62479,3.08418e-20,20.0059
C30 Ar Excitation 14.50 eV,5.85972,2.01891e-19,30.6968
C30 Ar Excitation 14.50 eV,6.09482,6.88851e-19,43.7634
C30 Ar Excitation 14.50 eV,6.32848,1.65466e-18,59.2057
C30 Ar Excitation 14.50 eV,6.56248,3.21965e-18,77.0238
C30 Ar Excitation 14.50 eV,6.80014,5.46469e-18,97.2176
C30 Ar Excitation 14.50 eV,7.04422,8.43961e-18,119.787
C30 Ar Excitation 14.50 eV,7.29691,1.21789e-17,144.732
C30 Ar Excitation 14.50 eV,7.56043,1.67004e-17,172.054
C30 Ar Excitation 14.50 eV,7.83628,2.20079e-17,201.75
C30 Ar Excitation 14.50 eV,8.12637,2.81024e-17,233.823
C30 Ar Excitation 14.50 eV,8.43263,3.49784e-17,268.271
C30 Ar Excitation 14.50 eV,8.756,4.26323e-17,305.095
C30 Ar Excitation 14.50 eV,9.09866,5.10519e-17,344.295
C30 Ar Excitation 14.50 eV,9.46271,6.02301e-17,385.87
C30 Ar Excitation 14.50 eV,9.84924,7.01335e-17,429.822
C30 Ar Excitation 14.50 eV,10.2604,8.07479e-17,476.149
C30 Ar Excitation 14.50 eV,10.6991,9.20702e-17,524.851
C30 Ar Excitation 14.50 eV,11.1681,1.04063e-16,575.93
C30 Ar Excitation 14.50 eV,11.6671,1.16645e-16,629.384
C30 Ar Excitation 14.50 eV,12.2021,1.29857e-16,685.214
C30 Ar Excitation 14.50 eV,12.7745,1.43607e-16,743.42
C30 Ar Excitation 14.50 eV,13.3861,1.57806e-16,804.001
C30 Ar Excitation 14.50 eV,14.0422,1.72469e-16,866.958
C30 Ar Excitation 14.50 eV,14.7433,1.87475e-16,932.291
C30 Ar Excitation 14.50 eV,15.4923,2.02751e-16,1000.0
C31 Ar Excitation 14.52 eV,2.4075,-7.6191e-260,1.0
C31 Ar Excitation 14.52 eV,3.52837,3.73147e-38,2.18787
C31 Ar Excitation 14.52 eV,5.08509,6.62421e-25,5.75149
C31 Ar Excitation 14.52 eV,5.39609,1.32694e-21,11.6908
C31 Ar Excitation 14.52 eV,5.62479,3.65344e-20,20.0059
C31 Ar Excitation 14.52 eV,5.85972,2.37115e-19,30.6968
C31 Ar Excitation 14.52 eV,6.09482,7.97764e-19,43.7634
C31 Ar Excitation 14.52 eV,6.32848,1.88449e-18,59.2057
C31 Ar Excitation 14.52 eV,6.56248,3.60062e-18,77.0238
C31 Ar Excitation 14.52 eV,6.80014,5.99586e-18,97.2176
C31 Ar Excitation 14.52 eV,7.04422,9.08066e-18,119.787
C31 Ar Excitation 14.52 eV,7.29691,1.28469e-17,144.732
C31 Ar Excitation 14.52 eV,7.56043,1.72682e-17,172.054
C31 Ar Excitation 14.52 eV,7.83628,2.23044e-17,201.75
C31 Ar Excitation 14.52 eV,8.12637,2.79143e-17,233.823
C31 Ar Excitation 14.52 eV,8.43263,3.40518e-17,268.271
C31 Ar Excitation 14.52 eV,8.756,4.06742e-17,305.095
C31 Ar Excitation 14.52 eV,9.09866,4.77332e-17,344.295
C31 Ar Excitation 14.52 eV,9.46271,5.5187e-17,385.87
C31 Ar Excitation 14.52 eV,9.84924,6.29709e-17,429.822
C31 Ar Excitation 14.52 eV,10.2604,7.10413e-17,476.149
C31 Ar Excitation 14.52 eV,10.6991,7.93665e-17,524.851
C31 Ar Excitation 14.52 eV,11.1681,8.7886e-17,575.93
C31 Ar Excitation 14.52 eV,11.6671,9.65064e-17,629.384
C31 Ar Excitation 14.52 eV,12.2021,1.05239e-16,685.214
C31 Ar Excitation 14.52 eV,12.7745,1.13982e-16,743.42
C31 Ar Excitation 14.52 eV,13.3861,1.22664e-16,804.001
C31 Ar Excitation 14.52 eV,14.0422,1.31288e-16,866.958
C31 Ar Excitation 14.52 eV,14.7433,1.3974e-16,932.291
C31 Ar Excitation 14.52 eV,15.4923,1.47979e-16,1000.0
C32 Ar Excitation 14.53 eV,2.4075,-5.28735e-260,1.0
C32 Ar Excitation 14.53 eV,3.52837,2.42451e-38,2.18787
C32 Ar Excitation 14.53 eV,5.08509,4.52947e-25,5.75149
C32 Ar Excitation 14.53 eV,5.39609,9.34004e-22,11.6908
C32 Ar Excitation 14.53 eV,5.62479,2.63525e-20,20.0059
C32 Ar Excitation 14.53 eV,5.85972,1.74996e-19,30.6968
C32 Ar Excitation 14.53 eV,6.09482,6.02087e-19,43.7634
C32 Ar Excitation 14.53 eV,6.32848,1.45401e-18,59.2057
C32 Ar Excitation 14.53 eV,6.56248,2.83969e-18,77.0238
C32 Ar Excitation 14.53 eV,6.80014,4.83272e-18,97.2176
C32 Ar Excitation 14.53 eV,7.04422,7.47869e-18,119.787
C32 Ar Excitation 14.53 eV,7.29691,1.08093e-17,144.732
C32 Ar Excitation 14.53 eV,7.56043,1.48411e-17,172.054
C32 Ar Excitation 14.53 eV,7.83628,1.95783e-17,201.75
C32 Ar Excitation 14.53 eV,8.12637,2.50223e-17,233.823
C32 Ar Excitation 14.53 eV,8.43263,3.11686e-17,268.271
C32 Ar Excitation 14.53 eV,8.756,3.80145e-17,305.095
C32 Ar Excitation 14.53 eV,9.09866,4.55492e-17,344.295
C32 Ar Excitation 14.53 eV,9.46271,5.37668e-17,385.87
C32 Ar Excitation 14.53 eV,9.84924,6.26375e-17,429.822
C32 Ar Excitation 14.53 eV,10.2604,7.21488e-17,476.149
C32 Ar Excitation 14.53 eV,10.6991,8.22978e-17,524.851
C32 Ar Excitation 14.53 eV,11.1681,9.30512e-17,575.93
C32 Ar Excitation 14.53 eV,11.6671,1.04337e-16,629.384
C32 Ar Excitation 14.53 eV,12.2021,1.1619e-16,685.214
C32 Ar Excitation 14.53 eV,12.7745,1.2853e-16,743.42
C32 Ar Excitation 14.53 eV,13.3861,1.41274e-16,804.001
C32 Ar Excitation 14.53 eV,14.0422,1.54439e-16,866.958
C32 Ar Excitation 14.53 eV,14.7433,1.67915e-16,932.291
C32 Ar Excitation 14.53 eV,15.4923,1.81635e-16,1000.0
C33 Ar Excitation 14.57 eV,2.4075,-1.3415e-260,1.0
C33 Ar Excitation 14.57 eV,3.52837,2.01271e-38,2.18787
C33 Ar Excitation 14.57 eV,5.08509,6.04511e-25,5.75149
C33 Ar Excitation 14.57 eV,5.39609,1.41523e-21,11.6908
C33 Ar Excitation 14.57 eV,5.62479,4.1516e-20,20.0059
C33 Ar Excitation 14.57 eV,5.85972,2.78131e-19,30.6968
C33 Ar Excitation 14.57 eV,6.09482,9.53202e-19,43.7634
C33 Ar Excitation 14.57 eV,6.32848,2.27862e-18,59.2057
C33 Ar Excitation 14.57 eV,6.56248,4.38979e-18,77.0238
C33 Ar Excitation 14.57 eV,6.80014,7.35422e-18,97.2176
C33 Ar Excitation 14.57 eV,7.04422,1.11889e-17,119.787
C33 Ar Excitation 14.57 eV,7.29691,1.58859e-17,144.732
C33 Ar Excitation 14.57 eV,7.56043,2.14137e-17,172.054
C33 Ar Excitation 14.57 eV,7.83628,2.77227e-17,201.75
C33 Ar Excitation 14.57 eV,8.12637,3.47615e-17,233.823
C33 Ar Excitation 14.57 eV,8.43263,4.24722e-17,268.271
C33 Ar Excitation 14.57 eV,8.756,5.08012e-17,305.095
C33 Ar Excitation 14.57 eV,9.09866,5.96877e-17,344.295
C33 Ar Excitation 14.57 eV,9.46271,6.90788e-17,385.87
C33 Ar Excitation 14.57 eV,9.84924,7.88933e-17,429.822
C33 Ar Excitation 14.57 eV,10.2604,8.90759e-17,476.149
C33 Ar Excitation 14.57 eV,10.6991,9.95869e-17,524.851
C33 Ar Excitation 14.57 eV,11.1681,1.1035e-16,575.93
C33 Ar Excitation 14.57 eV,11.6671,1.21247e-16,629.384
C33 Ar Excitation 14.57 eV,12.2021,1.32292e-16,685.214
C33 Ar Excitation 14.57 eV,12.7745,1.43356e-16,743.42
C33 Ar Excitation 14.57 eV,13.3861,1.5435e-16,804.001
C33 Ar Excitation 14.57 eV,14.0422,1.65276e-16,866.958
C33 Ar Excitation 14.57 eV,14.7433,1.75991e-16,932.291
C33 Ar Excitation 14.57 eV,15.4923,1.86441e-16,1000.0
C34 Ar Excitation 14.68 eV,2.4075,-1.40323e-262,1.0
C34 Ar Excitation 14.68 eV,3.52837,1.65756e-39,2.18787
C34 Ar Excitation 14.68 eV,5.08509,1.8519e-25,5.75149
C34 Ar Excitation 14.68 eV,5.39609,6.00585e-22,11.6908
C34 Ar Excitation 14.68 eV,5.62479,2.0121e-20,20.0059
C34 Ar Excitation 14.68 eV,5.85972,1.44055e-19,30.6968
C34 Ar Excitation 14.68 eV,6.09482,5.13184e-19,43.7634
C34 Ar Excitation 14.68 eV,6.32848,1.25769e-18,59.2057
C34 Ar Excitation 14.68 eV,6.56248,2.4651e-18,77.0238
C34 Ar Excitation 14.68 eV,6.80014,4.18195e-18,97.2176
C34 Ar Excitation 14.68 eV,7.04422,6.42323e-18,119.787
C34 Ar Excitation 14.68 eV,7.29691,9.18759e-18,144.732
C34 Ar Excitation 14.68 eV,7.56043,1.24584e-17,172.054
C34 Ar Excitation 14.68 eV,7.83628,1.62079e-17,201.75
C34 Ar Excitation 14.68 eV,8.12637,2.04062e-17,233.823
C34 Ar Excitation 14.68 eV,8.43263,2.50191e-17,268.271
C34 Ar Excitation 14.68 eV,8.756,3.00148e-17,305.095
C34 Ar Excitation 14.68 eV,9.09866,3.53569e-17,344.295
C34 Ar Excitation 14.68 eV,9.46271,4.10135e-17,385.87
C34 Ar Excitation 14.68 eV,9.84924,4.69356e-17,429.822
C34 Ar Excitation 14.68 eV,10.2604,5.30897e-17,476.149
C34 Ar Excitation 14.68 eV,10.6991,5.94515e-17,524.851
C34 Ar Excitation 14.68 eV,11.1681,6.59744e-17,575.93
C34 Ar Excitation 14.68 eV,11.6671,7.25874e-17,629.384
C34 Ar Excitation 14.68 eV,12.2021,7.92983e-17,685.214
C34 Ar Excitation 14.68 eV,12.7745,8.60292e-17,743.42
C34 Ar Excitation 14.68 eV,13.3861,9.27247e-17,804.001
C34 Ar Excitation 14.68 eV,14.0422,9.9386e-17,866.958
C34 Ar Excitation 14.68 eV,14.7433,1.05926e-16,932.291
C34 Ar Excitation 14.68 eV,15.4923,1.12311e-16,1000.0
C35 Ar Excitation 14.68 eV,2.4075,-6.8472e-263,1.0
C35 Ar Excitation 14.68 eV,3.52837,8.90777e-40,2.18787
C35 Ar Excitation 14.68 eV,5.08509,1.09543e-25,5.75149
C35 Ar Excitation 14.68 eV,5.39609,3.6195e-22,11.6908
C35 Ar Excitation 14.68 eV,5.62479,1.22203e-20,20.0059
C35 Ar Excitation 14.68 eV,5.85972,8.7835e-20,30.6968
C35 Ar Excitation 14.68 eV,6.09482,3.13624e-19,43.7634
C35 Ar Excitation 14.68 eV,6.32848,7.69748e-19,59.2057
C35 Ar Excitation 14.68 eV,6.56248,1.51024e-18,77.0238
C35 Ar Excitation 14.68 eV,6.80014,2.56394e-18,97.2176
C35 Ar Excitation 14.68 eV,7.04422,3.94021e-18,119.787
C35 Ar Excitation 14.68 eV,7.29691,5.63834e-18,144.732
C35 Ar Excitation 14.68 eV,7.56043,7.64819e-18,172.054
C35 Ar Excitation 14.68 eV,7.83628,9.9527e-18,201.75
C35 Ar Excitation 14.68 eV,8.12637,1.25335e-17,233.823
C35 Ar Excitation 14.68 eV,8.43263,1.53697e-17,268.271
C35 Ar Excitation 14.68 eV,8.756,1.84417e-17,305.095
C35 Ar Excitation 14.68 eV,9.09866,2.1727e-17,344.295
C35 Ar Excitation 14.68 eV,9.46271,2.52062e-17,385.87
C35 Ar Excitation 14.68 eV,9.84924,2.88491e-17,429.822
C35 Ar Excitation 14.68 eV,10.2604,3.2635e-17,476.149
C35 Ar Excitation 14.68 eV,10.6991,3.6549e-17,524.851
C35 Ar Excitation 14.68 eV,11.1681,4.05626e-17,575.93
C35 Ar Excitation 14.68 eV,11.6671,4.46318e-17,629.384
C35 Ar Excitation 14.68 eV,12.2021,4.87617e-17,685.214
C35 Ar Excitation 14.68 eV,12.7745,5.29042e-17,743.42
C35 Ar Excitation 14.68 eV,13.3861,5.70252e-17,804.001
C35 Ar Excitation 14.68 eV,14.0422,6.11255e-17,866.958
C35 Ar Excitation 14.68 eV,14.7433,6.51515e-17,932.291
C35 Ar Excitation 14.68 eV,15.4923,6.90822e-17,1000.0
C36 Ar Excitation 14.69 eV,2.4075,-9.6893e-263,1.0
C36 Ar Excitation 14.69 eV,3.52837,1.11176e-39,2.18787
C36 Ar Excitation 14.69 eV,5.08509,1.43467e-25,5.75149
C36 Ar Excitation 14.69 eV,5.39609,4.85125e-22,11.6908
C36 Ar Excitation 14.69 eV,5.62479,1.67285e-20,20.0059
C36 Ar Excitation 14.69 eV,5.85972,1.2277e-19,30.6968
C36 Ar Excitation 14.69 eV,6.09482,4.47691e-19,43.7634
C36 Ar Excitation 14.69 eV,6.32848,1.12239e-18,59.2057
C36 Ar Excitation 14.69 eV,6.56248,2.24965e-18,77.0238
C36 Ar Excitation 14.69 eV,6.80014,3.90175e-18,97.2176
C36 Ar Excitation 14.69 eV,7.04422,6.12528e-18,119.787
C36 Ar Excitation 14.69 eV,7.29691,8.95295e-18,144.732
C36 Ar Excitation 14.69 eV,7.56043,1.24033e-17,172.054
C36 Ar Excitation 14.69 eV,7.83628,1.6483e-17,201.75
C36 Ar Excitation 14.69 eV,8.12637,2.11956e-17,233.823
C36 Ar Excitation 14.69 eV,8.43263,2.6539e-17,268.271
C36 Ar Excitation 14.69 eV,8.756,3.2512e-17,305.095
C36 Ar Excitation 14.69 eV,9.09866,3.91063e-17,344.295
C36 Ar Excitation 14.69 eV,9.46271,4.63176e-17,385.87
C36 Ar Excitation 14.69 eV,9.84924,5.41203e-17,429.822
C36 Ar Excitation 14.69 eV,10.2604,6.25041e-17,476.149
C36 Ar Excitation 14.69 eV,10.6991,7.14667e-17,524.851
C36 Ar Excitation 14.69 eV,11.1681,8.09792e-17,575.93
C36 Ar Excitation 14.69 eV,11.6671,9.09786e-17,629.384
C36 Ar Excitation 14.69 eV,12.2021,1.01496e-16,685.214
C36 Ar Excitation 14.69 eV,12.7745,1.1246e-16,743.42
C36 Ar Excitation 14.69 eV,13.3861,1.23799e-16,804.001
C36 Ar Excitation 14.69 eV,14.0422,1.35524e-16,866.958
C36 Ar Excitation 14.69 eV,14.7433,1.47541e-16,932.291
C36 Ar Excitation 14.69 eV,15.4923,1.59787e-16,1000.0
C37 Ar Excitation 14.73 eV,2.4075,-3.87114e-263,1.0
C37 Ar Excitation 14.73 eV,3.52837,7.95053e-40,2.18787
C37 Ar Excitation 14.73 eV,5.08509,2.76006e-25,5.75149
C37 Ar Excitation 14.73 eV,5.39609,1.08818e-21,11.6908
C37 Ar Excitation 14.73 eV,5.62479,3.99464e-20,20.0059
C37 Ar Excitation 14.73 eV,5.85972,3.02539e-19,30.6968
C37 Ar Excitation 14.73 eV,6.09482,1.12377e-18,43.7634
C37 Ar Excitation 14.73 eV,6.32848,2.85107e-18,59.2057
C37 Ar Excitation 14.73 eV,6.56248,5.76186e-18,77.0238
C37 Ar Excitation 14.73 eV,6.80014,1.00535e-17,97.2176
C37 Ar Excitation 14.73 eV,7.04422,1.5855e-17,119.787
C37 Ar Excitation 14.73 eV,7.29691,2.3257e-17,144.732
C37 Ar Excitation 14.73 eV,7.56043,3.23124e-17,172.054
C37 Ar Excitation 14.73 eV,7.83628,4.30417e-17,201.75
C37 Ar Excitation 14.73 eV,8.12637,5.54561e-17,233.823
C37 Ar Excitation 14.73 eV,8.43263,6.95515e-17,268.271
C37 Ar Excitation 14.73 eV,8.756,8.5326e-17,305.095
C37 Ar Excitation 14.73 eV,9.09866,1.02759e-16,344.295
C37 Ar Excitation 14.73 eV,9.46271,1.21838e-16,385.87
C37 Ar Excitation 14.73 eV,9.84924,1.42498e-16,429.822
C37 Ar Excitation 14.73 eV,10.2604,1.64712e-16,476.149
C37 Ar Excitation 14.73 eV,10.6991,1.88473e-16,524.851
C37 Ar Excitation 14.73 eV,11.1681,2.13706e-16,575.93
C37 Ar Excitation 14.73 eV,11.6671,2.40244e-16,629.384
C37 Ar Excitation 14.73 eV,12.2021,2.68169e-16,685.214
C37 Ar Excitation 14.73 eV,12.7745,2.97294e-16,743.42
C37 Ar Excitation 14.73 eV,13.3861,3.27425e-16,804.001
C37 Ar Excitation 14.73 eV,14.0422,3.58597e-16,866.958
C37 Ar Excitation 14.73 eV,14.7433,3.90554e-16,932.291
C37 Ar Excitation 14.73 eV,15.4923,4.23134e-16,1000.0
C38 Ar Excitation 14.80 eV,2.4075,-6.05256e-264,1.0
C38 Ar Excitation 14.80 eV,3.52837,3.16711e-43,2.18787
C38 Ar Excitation 14.80 eV,5.08509,4.94342e-26,5.75149
C38 Ar Excitation 14.80 eV,5.39609,4.3897e-22,11.6908
C38 Ar Excitation 14.80 eV,5.62479,2.68318e-20,20.0059
C38 Ar Excitation 14.80 eV,5.85972,2.90836e-19,30.6968
C38 Ar Excitation 14.80 eV,6.09482,1.42099e-18,43.7634
C38 Ar Excitation 14.80 eV,6.32848,4.49314e-18,59.2057
C38 Ar Excitation 14.80 eV,6.56248,1.09088e-17,77.0238
C38 Ar Excitation 14.80 eV,6.80014,2.22634e-17,97.2176
C38 Ar Excitation 14.80 eV,7.04422,4.02378e-17,119.787
C38 Ar Excitation 14.80 eV,7.29691,6.65734e-17,144.732
C38 Ar Excitation 14.80 eV,7.56043,1.03018e-16,172.054
C38 Ar Excitation 14.80 eV,7.83628,1.51277e-16,201.75
C38 Ar Excitation 14.80 eV,8.12637,2.13062e-16,233.823
C38 Ar Excitation 14.80 eV,8.43263,2.90061e-16,268.271
C38 Ar Excitation 14.80 eV,8.756,3.84001e-16,305.095
C38 Ar Excitation 14.80 eV,9.09866,4.9651e-16,344.295
C38 Ar Excitation 14.80 eV,9.46271,6.29305e-16,385.87
C38 Ar Excitation 14.80 eV,9.84924,7.83831e-16,429.822
C38 Ar Excitation 14.80 eV,10.2604,9.61707e-16,476.149
C38 Ar Excitation 14.80 eV,10.6991,1.16462e-15,524.851
C38 Ar Excitation 14.80 eV,11.1681,1.39394e-15,575.93
C38 Ar Excitation 14.80 eV,11.6671,1.65028e-15,629.384
C38 Ar Excitation 14.80 eV,12.2021,1.93584e-15,685.214
C38 Ar Excitation 14.80 eV,12.7745,2.25131e-15,743.42
C38 Ar Excitation 14.80 eV,13.3861,2.59592e-15,804.001
C38 Ar Excitation 14.80 eV,14.0422,2.97119e-15,866.958
C38 Ar Excitation 14.80 eV,14.7433,3.37675e-15,932.291
C38 Ar Excitation 14.80 eV,15.4923,3.81144e-15,1000.0
C39 Ar Excitation 15.10 eV,2.4075,-8.3468e-269,1.0
C39 Ar Excitation 15.10 eV,3.52837,-1.32117e-268,2.18787
C39 Ar Excitation 15.10 eV,5.08509,8.68885e-27,5.75149
C39 Ar Excitation 15.10 eV,5.39609,2.03078e-22,11.6908
C39 Ar Excitation 15.10 eV,5.62479,1.85035e-20,20.0059
C39 Ar Excitation 15.10 eV,5.85972,2.46091e-19,30.6968
C39 Ar Excitation 15.10 eV,6.09482,1.35784e-18,43.7634
C39 Ar Excitation 15.10 eV,6.32848,4.64779e-18,59.2057
C39 Ar Excitation 15.10 eV,6.56248,1.19268e-17,77.0238
C39 Ar Excitation 15.10 eV,6.80014,2.53493e-17,97.2176
C39 Ar Excitation 15.10 eV,7.04422,4.72502e-17,119.787
C39 Ar Excitation 15.10 eV,7.29691,8.0085e-17,144.732
C39 Ar Excitation 15.10 eV,7.56043,1.26351e-16,172.054
C39 Ar Excitation 15.10 eV,7.83628,1.88508e-16,201.75
C39 Ar Excitation 15.10 eV,8.12637,2.6904e-16,233.823
C39 Ar Excitation 15.10 eV,8.43263,3.70404e-16,268.271
C39 Ar Excitation 15.10 eV,8.756,4.95118e-16,305.095
C39 Ar Excitation 15.10 eV,9.09866,6.45568e-16,344.295
C39 Ar Excitation 15.10 eV,9.46271,8.24266e-16,385.87
C39 Ar Excitation 15.10 eV,9.84924,1.03337e-15,429.822
C39 Ar Excitation 15.10 eV,10.2604,1.27526e-15,476.149
C39 Ar Excitation 15.10 eV,10.6991,1.55241e-15,524.851
C39 Ar Excitation 15.10 eV,11.1681,1.86685e-15,575.93
C39 Ar Excitation 15.10 eV,11.6671,2.21962e-15,629.384
C39 Ar Excitation 15.10 eV,12.2021,2.61388e-15,685.214
C39 Ar Excitation 15.10 eV,12.7745,3.05076e-15,743.42
C39 Ar Excitation 15.10 eV,13.3861,3.52929e-15,804.001
C39 Ar Excitation 15.10 eV,14.0422,4.05168e-15,866.958
C39 Ar Excitation 15.10 eV,14.7433,4.61757e-15,932.291
C39 Ar Excitation 15.10 eV,15.4923,5.22542e-15,1000.0
C40 Ar Excitation 15.35 eV,2.4075,-3.51841e-273,1.0
C40 Ar Excitation 15.35 eV,3.52837,-5.57449e-273,2.18787
C40 Ar Excitation 15.35 eV,5.08509,7.59434e-28,5.75149
C40 Ar Excitation 15.35 eV,5.39609,4.04048e-23,11.6908
C40 Ar Excitation 15.35 eV,5.62479,5.18349e-21,20.0059
C40 Ar Excitation 15.35 eV,5.85972,8.21477e-20,30.6968
C40 Ar Excitation 15.35 eV,6.09482,5.02841e-19,43.7634
C40 Ar Excitation 15.35 eV,6.32848,1.84099e-18,59.2057
C40 Ar Excitation 15.35 eV,6.56248,4.94985e-18,77.0238
C40 Ar Excitation 15.35 eV,6.80014,1.08841e-17,97.2176
C40 Ar Excitation 15.35 eV,7.04422,2.08161e-17,119.787
C40 Ar Excitation 15.35 eV,7.29691,3.59972e-17,144.732
C40 Ar Excitation 15.35 eV,7.56043,5.77163e-17,172.054
C40 Ar Excitation 15.35 eV,7.83628,8.7256e-17,201.75
C40 Ar Excitation 15.35 eV,8.12637,1.25917e-16,233.823
C40 Ar Excitation 15.35 eV,8.43263,1.74993e-16,268.271
C40 Ar Excitation 15.35 eV,8.756,2.35809e-16,305.095
C40 Ar Excitation 15.35 eV,9.09866,3.09628e-16,344.295
C40 Ar Excitation 15.35 eV,9.46271,3.97777e-16,385.87
C40 Ar Excitation 15.35 eV,9.84924,5.01411e-16,429.822
C40 Ar Excitation 15.35 eV,10.2604,6.21792e-16,476.149
C40 Ar Excitation 15.35 eV,10.6991,7.6022e-16,524.851
C40 Ar Excitation 15.35 eV,11.1681,9.17794e-16,575.93
C40 Ar Excitation 15.35 eV,11.6671,1.0951e-15,629.384
C40 Ar Excitation 15.35 eV,12.2021,1.29379e-15,685.214
C40 Ar Excitation 15.35 eV,12.7745,1.51449e-15,743.42
C40 Ar Excitation 15.35 eV,13.3861,1.75678e-15,804.001
C40 Ar Excitation 15.35 eV,14.0422,2.0218e-15,866.958
C40 Ar Excitation 15.35 eV,14.7433,2.30943e-15,932.291
C40 Ar Excitation 15.35 eV,15.4923,2.61892e-15,1000.0
C41 Ar Excitation 15.66 eV,2.4075,-4.95932e-278,1.0
C41 Ar Excitation 15.66 eV,3.52837,-7.87598e-278,2.18787
C41 Ar Excitation 15.66 eV,5.08509,1.89122e-28,5.75149
C41 Ar Excitation 15.66 eV,5.39609,3.03265e-23,11.6908
C41 Ar Excitation 15.66 eV,5.62479,6.18699e-21,20.0059
C41 Ar Excitation 15.66 eV,5.85972,1.24319e-19,30.6968
C41 Ar Excitation 15.66 eV,6.09482,8.75376e-19,43.7634
C41 Ar Excitation 15.66 eV,6.32848,3.50834e-18,59.2057
C41 Ar Excitation 15.66 eV,6.56248,1.00418e-17,77.0238
C41 Ar Excitation 15.66 eV,6.80014,2.3108e-17,97.2176
C41 Ar Excitation 15.66 eV,7.04422,4.57372e-17,119.787
C41 Ar Excitation 15.66 eV,7.29691,8.12322e-17,144.732
C41 Ar Excitation 15.66 eV,7.56043,1.33049e-16,172.054
C41 Ar Excitation 15.66 eV,7.83628,2.04668e-16,201.75
C41 Ar Excitation 15.66 eV,8.12637,2.9964e-16,233.823
C41 Ar Excitation 15.66 eV,8.43263,4.21517e-16,268.271
C41 Ar Excitation 15.66 eV,8.756,5.73948e-16,305.095
C41 Ar Excitation 15.66 eV,9.09866,7.60426e-16,344.295
C41 Ar Excitation 15.66 eV,9.46271,9.84622e-16,385.87
C41 Ar Excitation 15.66 eV,9.84924,1.24979e-15,429.822
C41 Ar Excitation 15.66 eV,10.2604,1.55943e-15,476.149
C41 Ar Excitation 15.66 eV,10.6991,1.91716e-15,524.851
C41 Ar Excitation 15.66 eV,11.1681,2.32609e-15,575.93
C41 Ar Excitation 15.66 eV,11.6671,2.78802e-15,629.384
C41 Ar Excitation 15.66 eV,12.2021,3.3074e-15,685.214
C41 Ar Excitation 15.66 eV,12.7745,3.88625e-15,743.42
C41 Ar Excitation 15.66 eV,13.3861,4.52353e-15,804.001
C41 Ar Excitation 15.66 eV,14.0422,5.2224e-15,866.958
C41 Ar Excitation 15.66 eV,14.7433,5.98283e-15,932.291
C41 Ar Excitation 15.66 eV,15.4923,6.80292e-15,1000.0
C42 Ar Ionization 15.80 eV,2.4075,0.0,1.0
C42 Ar Ionization 15.80 eV,3.52837,0.0,2.18787
C42 Ar Ionization 15.80 eV,5.08509,4.6659e-26,5.75149
C42 Ar Ionization 15.80 eV,5.39609,5.01973e-21,11.6908
C42 Ar Ionization 15.80 eV,5.62479,7.36631e-19,20.0059
C42 Ar Ionization 15.80 eV,5.85972,1.16212e-17,30.6968
C42 Ar Ionization 15.80 eV,6.09482,6.82975e-17,43.7634
C42 Ar Ionization 15.80 eV,6.32848,2.38252e-16,59.2057
C42 Ar Ionization 15.80 eV,6.56248,6.11049e-16,77.0238
C42 Ar Ionization 15.80 eV,6.80014,1.28676e-15,97.2176
C42 Ar Ionization 15.80 eV,7.04422,2.36825e-15,119.787
C42 Ar Ionization 15.80 eV,7.29691,3.96056e-15,144.732
C42 Ar Ionization 15.80 eV,7.56043,6.16912e-15,172.054
C42 Ar Ionization 15.80 eV,7.83628,9.0982e-15,201.75
C42 Ar Ionization 15.80 eV,8.12637,1.28549e-14,233.823
C42 Ar Ionization 15.80 eV,8.43263,1.75474e-14,268.271
C42 Ar Ionization 15.80 eV,8.756,2.32893e-14,305.095
C42 Ar Ionization 15.80 eV,9.09866,3.01901e-14,344.295
C42 Ar Ionization 15.80 eV,9.46271,3.83664e-14,385.87
C42 Ar Ionization 15.80 eV,9.84924,4.79185e-14,429.822
C42 Ar Ionization 15.80 eV,10.2604,5.89575e-14,476.149
C42 Ar Ionization 15.80 eV,10.6991,7.15975e-14,524.851
C42 Ar Ionization 15.80 eV,11.1681,8.59324e-14,575.93
C42 Ar Ionization 15.80 eV,11.6671,1.02008e-13,629.384
C42 Ar Ionization 15.80 eV,12.2021,1.1997e-13,685.214
C42 Ar Ionization 15.80 eV,12.7745,1.3987e-13,743.42
C42 Ar Ionization 15.80 eV,13.3861,1.61665e-13,804.001
C42 Ar Ionization 15.80 eV,14.0422,1.85462e-13,866.958
C42 Ar Ionization 15.80 eV,14.7433,2.11251e-13,932.291
C42 Ar Ionization 15.80 eV,15.4923,2.38973e-13,1000.0
