process,mean_energy_eV,rate_coefficient_m3_s,EoverN_Td
C1 Ar Elastic,2.4075,3.41355e-14,1.0
C1 Ar Elastic,3.52837,6.1642e-14,2.18787
C1 Ar Elastic,5.08509,1.06492e-13,5.75149
C1 Ar Elastic,5.39609,1.15594e-13,11.6908
C1 Ar Elastic,5.62479,1.21721e-13,20.0059
C1 Ar Elastic,5.85972,1.27744e-13,30.6968
C1 Ar Elastic,6.09482,1.33518e-13,43.7634
C1 Ar Elastic,6.32848,1.38978e-13,59.2057
C1 Ar Elastic,6.56248,1.44143e-13,77.0238
C1 Ar Elastic,6.80014,1.49071e-13,97.2176
C1 Ar Elastic,7.04422,1.53798e-13,119.787
C1 Ar Elastic,7.29691,1.58343e-13,144.732
C1 Ar Elastic,7.56043,1.62723e-13,172.054
C1 Ar Elastic,7.83628,1.6694e-13,201.75
C1 Ar Elastic,8.12637,1.70997e-13,233.823
C1 Ar Elastic,8.43263,1.74898e-13,268.271
C1 Ar Elastic,8.756,1.78613e-13,305.095
C1 Ar Elastic,9.09866,1.82144e-13,344.295
C1 Ar Elastic,9.46271,1.8548e-13,385.87
C1 Ar Elastic,9.84924,1.88597e-13,429.822
C1 Ar Elastic,10.2604,1.91479e-13,476.149
C1 Ar Elastic,10.6991,1.94114e-13,524.851
C1 Ar Elastic,11.1681,1.965e-13,575.93
C1 Ar Elastic,11.6671,1.98586e-13,629.384
C1 Ar Elastic,12.2021,2.00392e-13,685.214
C1 Ar Elastic,12.7745,2.01883e-13,743.42
C1 Ar Elastic,13.3861,2.03088e-13,804.001
C1 Ar Elastic,14.0422,2.03999e-13,866.958
C1 Ar Elastic,14.7433,2.04584e-13,932.291
C1 Ar Elastic,15.4923,2.0487e-13,1000.0
C2 Ar Excitation 11.55 eV,2.4075,0.0,1.0
C2 Ar Excitation 11.55 eV,3.52837,1.08147e-23,2.18787
C2 Ar Excitation 11.55 eV,5.08509,7.92627e-19,5.75149
C2 Ar Excitation 11.55 eV,5.39609,5.21343e-18,11.6908
C2 Ar Excitation 11.55 eV,5.62479,1.30507e-17,20.0059
C2 Ar Excitation 11.55 eV,5.85972,2.37086e-17,30.6968
C2 Ar Excitation 11.55 eV,6.09482,3.64737e-17,43.7634
C2 Ar Excitation 11.55 eV,6.32848,5.07592e-17,59.2057
C2 Ar Excitation 11.55 eV,6.56248,6.61046e-17,77.0238
C2 Ar Excitation 11.55 eV,6.80014,8.22203e-17,97.2176
C2 Ar Excitation 11.55 eV,7.04422,9.88788e-17,119.787
C2 Ar Excitation 11.55 eV,7.29691,1.159e-16,144.732
C2 Ar Excitation 11.55 eV,7.56043,1.33139e-16,172.054
C2 Ar Excitation 11.55 eV,7.83628,1.50432e-16,201.75
C2 Ar Excitation 11.55 eV,8.12637,1.67674e-16,233.823
C2 Ar Excitation 11.55 eV,8.43263,1.84772e-16,268.271
C2 Ar Excitation 11.55 eV,8.756,2.01619e-16,305.095
C2 Ar Excitation 11.55 eV,9.09866,2.18145e-16,344.295
C2 Ar Excitation 11.55 eV,9.46271,2.34296e-16,385.87
C2 Ar Excitation 11.55 eV,9.84924,2.4994e-16,429.822
C2 Ar Excitation 11.55 eV,10.2604,2.65001e-16,476.149
C2 Ar Excitation 11.55 eV,10.6991,2.79459e-16,524.851
C2 Ar Excitation 11.55 eV,11.1681,2.93236e-16,575.93
C2 Ar Excitation 11.55 eV,11.6671,3.06114e-16,629.384
C2 Ar Excitation 11.55 eV,12.2021,3.18186e-16,685.214
C2 Ar Excitation 11.55 eV,12.7745,3.2927e-16,743.42
C2 Ar Excitation 11.55 eV,13.3861,3.39349e-16,804.001
C2 Ar Excitation 11.55 eV,14.0422,3.48508e-16,866.958
C2 Ar Excitation 11.55 eV,14.7433,3.5652e-16,932.291
C2 Ar Excitation 11.55 eV,15.4923,3.63468e-16,1000.0
C3 Ar Excitation 11.62 eV,2.4075,0.0,1.0
C3 Ar Excitation 11.62 eV,3.52837,1.42847e-24,2.18787
C3 Ar Excitation 11.62 eV,5.08509,1.54249e-19,5.75149
C3 Ar Excitation 11.62 eV,5.39609,1.24493e-18,11.6908
C3 Ar Excitation 11.62 eV,5.62479,3.60128e-18,20.0059
C3 Ar Excitation 11.62 eV,5.85972,7.37239e-18,30.6968
C3 Ar Excitation 11.62 eV,6.09482,1.26245e-17,43.7634
C3 Ar Excitation 11.62 eV,6.32848,1.94064e-17,59.2057
C3 Ar Excitation 11.62 eV,6.56248,2.77652e-17,77.0238
C3 Ar Excitation 11.62 eV,6.80014,3.77806e-17,97.2176
C3 Ar Excitation 11.62 eV,7.04422,4.95366e-17,119.787
C3 Ar Excitation 11.62 eV,7.29691,6.31332e-17,144.732
C3 Ar Excitation 11.62 eV,7.56043,7.86685e-17,172.054
C3 Ar Excitation 11.62 eV,7.83628,9.62164e-17,201.75
C3 Ar Excitation 11.62 eV,8.12637,1.15874e-16,233.823
C3 Ar Excitation 11.62 eV,8.43263,1.37735e-16,268.271
C3 Ar Excitation 11.62 eV,8.756,1.61899e-16,305.095
C3 Ar Excitation 11.62 eV,9.09866,1.88452e-16,344.295
C3 Ar Excitation 11.62 eV,9.46271,2.1751e-16,385.87
C3 Ar Excitation 11.62 eV,9.84924,2.49099e-16,429.822
C3 Ar Excitation 11.62 eV,10.2604,2.83308e-16,476.149
C3 Ar Excitation 11.62 eV,10.6991,3.20265e-16,524.851
C3 Ar Excitation 11.62 eV,11.1681,3.60007e-16,575.93
C3 Ar Excitation 11.62 eV,11.6671,4.02397e-16,629.384
C3 Ar Excitation 11.62 eV,12.2021,4.47712e-16,685.214
C3 Ar Excitation 11.62 eV,12.7745,4.95825e-16,743.42
C3 Ar Excitation 11.62 eV,13.3861,5.46539e-16,804.001
C3 Ar Excitation 11.62 eV,14.0422,6.0005e-16,866.958
C3 Ar Excitation 11.62 eV,14.7433,6.56077e-16,932.291
C3 Ar Excitation 11.62 eV,15.4923,7.14468e-16,1000.0
C4 Ar Excitation 11.72 eV,2.4075,0.0,1.0
C4 Ar Excitation 11.72 eV,3.52837,6.96247e-25,2.18787
C4 Ar Excitation 11.72 eV,5.08509,9.69294e-20,5.75149
C4 Ar Excitation 11.72 eV,5.39609,7.71084e-19,11.6908
C4 Ar Excitation 11.72 eV,5.62479,2.09363e-18,20.0059
C4 Ar Excitation 11.72 eV,5.85972,3.97611e-18,30.6968
C4 Ar Excitation 11.72 eV,6.09482,6.29338e-18,43.7634
C4 Ar Excitation 11.72 eV,6.32848,8.93548e-18,59.2057
C4 Ar Excitation 11.72 eV,6.56248,1.18123e-17,77.0238
C4 Ar Excitation 11.72 eV,6.80014,1.48642e-17,97.2176
C4 Ar Excitation 11.72 eV,7.04422,1.80438e-17,119.787
C4 Ar Excitation 11.72 eV,7.29691,2.13138e-17,144.732
C4 Ar Excitation 11.72 eV,7.56043,2.46436e-17,172.054
C4 Ar Excitation 11.72 eV,7.83628,2.79993e-17,201.75
C4 Ar Excitation 11.72 eV,8.12637,3.13584e-17,233.823
C4 Ar Excitation 11.72 eV,8.43263,3.47012e-17,268.271
C4 Ar Excitation 11.72 eV,8.756,3.80061e-17,305.095
C4 Ar Excitation 11.72 eV,9.09866,4.12574e-17,344.295
C4 Ar Excitation 11.72 eV,9.46271,4.44439e-17,385.87
C4 Ar Excitation 11.72 eV,9.84924,4.75388e-17,429.822
C4 Ar Excitation 11.72 eV,10.2604,5.05272e-17,476.149
C4 Ar Excitation 11.72 eV,10.6991,5.34042e-17,524.851
C4 Ar Excitation 11.72 eV,11.1681,5.61536e-17,575.93
C4 Ar Excitation 11.72 eV,11.6671,5.87321e-17,629.384
C4 Ar Excitation 11.72 eV,12.2021,6.11585e-17,685.214
C4 Ar Excitation 11.72 eV,12.7745,6.33965e-17,743.42
C4 Ar Excitation 11.72 eV,13.3861,6.54401e-17,804.001
C4 Ar Excitation 11.72 eV,14.0422,6.73065e-17,866.958
C4 Ar Excitation 11.72 eV,14.7433,6.89508e-17,932.291
C4 Ar Excitation 11.72 eV,15.4923,7.03878e-17,1000.0
C5 Ar Excitation 11.83 eV,2.4075,0.0,1.0
C5 Ar Excitation 11.83 eV,3.52837,1.16285e-24,2.18787
C5 Ar Excitation 11.83 eV,5.08509,2.77952e-19,5.75149
C5 Ar Excitation 11.83 eV,5.39609,2.82098e-18,11.6908
C5 Ar Excitation 11.83 eV,5.62479,8.99073e-18,20.0059
C5 Ar Excitation 11.83 eV,5.85972,1.94379e-17,30.6968
C5 Ar Excitation 11.83 eV,6.09482,3.45316e-17,43.7634
C5 Ar Excitation 11.83 eV,6.32848,5.45593e-17,59.2057
C5 Ar Excitation 11.83 eV,6.56248,7.979e-17,77.0238
C5 Ar Excitation 11.83 eV,6.80014,1.10581e-16,97.2176
C5 Ar Excitation 11.83 eV,7.04422,1.47305e-16,119.787
C5 Ar Excitation 11.83 eV,7.29691,1.90392e-16,144.732
C5 Ar Excitation 11.83 eV,7.56043,2.40267e-16,172.054
C5 Ar Excitation 11.83 eV,7.83628,2.97285e-16,201.75
C5 Ar Excitation 11.83 eV,8.12637,3.61874e-16,233.823
C5 Ar Excitation 11.83 eV,8.43263,4.34452e-16,268.271
C5 Ar Excitation 11.83 eV,8.756,5.15473e-16,305.095
C5 Ar Excitation 11.83 eV,9.09866,6.0534e-16,344.295
C5 Ar Excitation 11.83 eV,9.46271,7.04554e-16,385.87
C5 Ar Excitation 11.83 eV,9.84924,8.13332e-16,429.822
C5 Ar Excitation 11.83 eV,10.2604,9.321e-16,476.149
C5 Ar Excitation 11.83 eV,10.6991,1.06141e-15,524.851
C5 Ar Excitation 11.83 eV,11.1681,1.2015e-15,575.93
C5 Ar Excitation 11.83 eV,11.6671,1.35204e-15,629.384
C5 Ar Excitation 11.83 eV,12.2021,1.51408e-15,685.214
C5 Ar Excitation 11.83 eV,12.7745,1.68732e-15,743.42
C5 Ar Excitation 11.83 eV,13.3861,1.87111e-15,804.001
C5 Ar Excitation 11.83 eV,14.0422,2.06621e-15,866.958
C5 Ar Excitation 11.83 eV,14.7433,2.27176e-15,932.291
C5 Ar Excitation 11.83 eV,15.4923,2.48722e-15,1000.0
C6 Ar Excitation 12.91 eV,2.4075,0.0,1.0
C6 Ar Excitation 12.91 eV,3.52837,2.2106e-29,2.18787
C6 Ar Excitation 12.91 eV,5.08509,1.27696e-21,5.75149
C6 Ar Excitation 12.91 eV,5.39609,5.45225e-20,11.6908
C6 Ar Excitation 12.91 eV,5.62479,3.00499e-19,20.0059
C6 Ar Excitation 12.91 eV,5.85972,8.52683e-19,30.6968
C6 Ar Excitation 12.91 eV,6.09482,1.77179e-18,43.7634
C6 Ar Excitation 12.91 eV,6.32848,3.0957e-18,59.2057
C6 Ar Excitation 12.91 eV,6.56248,4.86901e-18,77.0238
C6 Ar Excitation 12.91 eV,6.80014,7.16857e-18,97.2176
C6 Ar Excitation 12.91 eV,7.04422,1.01118e-17,119.787
C6 Ar Excitation 12.91 eV,7.29691,1.38608e-17,144.732
C6 Ar Excitation 12.91 eV,7.56043,1.86075e-17,172.054
C6 Ar Excitation 12.91 eV,7.83628,2.45458e-17,201.75
C6 Ar Excitation 12.91 eV,8.12637,3.18576e-17,233.823
C6 Ar Excitation 12.91 eV,8.43263,4.06794e-17,268.271
C6 Ar Excitation 12.91 eV,8.756,5.1095e-17,305.095
C6 Ar Excitation 12.91 eV,9.09866,6.3108e-17,344.295
C6 Ar Excitation 12.91 eV,9.46271,7.66686e-17,385.87
C6 Ar Excitation 12.91 eV,9.84924,9.16433e-17,429.822
C6 Ar Excitation 12.91 eV,10.2604,1.07871e-16,476.149
C6 Ar Excitation 12.91 eV,10.6991,1.25183e-16,524.851
C6 Ar Excitation 12.91 eV,11.1681,1.43344e-16,575.93
C6 Ar Excitation 12.91 eV,11.6671,1.62082e-16,629.384
C6 Ar Excitation 12.91 eV,12.2021,1.81256e-16,685.214
C6 Ar Excitation 12.91 eV,12.7745,2.0056e-16,743.42
C6 Ar Excitation 12.91 eV,13.3861,2.1975e-16,804.001
C6 Ar Excitation 12.91 eV,14.0422,2.38693e-16,866.958
C6 Ar Excitation 12.91 eV,14.7433,2.57105e-16,932.291
C6 Ar Excitation 12.91 eV,15.4923,2.74776e-16,1000.0
C7 Ar Excitation 13.07 eV,2.4075,0.0,1.0
C7 Ar Excitation 13.07 eV,3.52837,6.84336e-30,2.18787
C7 Ar Excitation 13.07 eV,5.08509,1.03386e-21,5.75149
C7 Ar Excitation 13.07 eV,5.39609,5.81972e-20,11.6908
C7 Ar Excitation 13.07 eV,5.62479,3.6109e-19,20.0059
C7 Ar Excitation 13.07 eV,5.85972,1.09613e-18,30.6968
C7 Ar Excitation 13.07 eV,6.09482,2.38465e-18,43.7634
C7 Ar Excitation 13.07 eV,6.32848,4.32027e-18,59.2057
C7 Ar Excitation 13.07 eV,6.56248,7.02151e-18,77.0238
C7 Ar Excitation 13.07 eV,6.80014,1.06825e-17,97.2176
C7 Ar Excitation 13.07 eV,7.04422,1.55964e-17,119.787
C7 Ar Excitation 13.07 eV,7.29691,2.21661e-17,144.732
C7 Ar Excitation 13.07 eV,7.56043,3.08735e-17,172.054
C7 Ar Excitation 13.07 eV,7.83628,4.22147e-17,201.75
C7 Ar Excitation 13.07 eV,8.12637,5.66558e-17,233.823
C7 Ar Excitation 13.07 eV,8.43263,7.4555e-17,268.271
C7 Ar Excitation 13.07 eV,8.756,9.61398e-17,305.095
C7 Ar Excitation 13.07 eV,9.09866,1.21445e-16,344.295
C7 Ar Excitation 13.07 eV,9.46271,1.50368e-16,385.87
C7 Ar Excitation 13.07 eV,9.84924,1.82619e-16,429.822
C7 Ar Excitation 13.07 eV,10.2604,2.1783e-16,476.149
C7 Ar Excitation 13.07 eV,10.6991,2.55606e-16,524.851
C7 Ar Excitation 13.07 eV,11.1681,2.95405e-16,575.93
C7 Ar Excitation 13.07 eV,11.6671,3.36625e-16,629.384
C7 Ar Excitation 13.07 eV,12.2021,3.78911e-16,685.214
C7 Ar Excitation 13.07 eV,12.7745,4.21576e-16,743.42
C7 Ar Excitation 13.07 eV,13.3861,4.64071e-16,804.001
C7 Ar Excitation 13.07 eV,14.0422,5.06057e-16,866.958
C7 Ar Excitation 13.07 eV,14.7433,5.46915e-16,932.291
C7 Ar Excitation 13.07 eV,15.4923,5.8615e-16,1000.0
C8 Ar Excitation 13.09 eV,2.4075,0.0,1.0
C8 Ar Excitation 13.09 eV,3.52837,3.51305e-30,2.18787
C8 Ar Excitation 13.09 eV,5.08509,7.67343e-22,5.75149
C8 Ar Excitation 13.09 eV,5.39609,4.92932e-20,11.6908
C8 Ar Excitation 13.09 eV,5.62479,3.25363e-19,20.0059
C8 Ar Excitation 13.09 eV,5.85972,1.02027e-18,30.6968
C8 Ar Excitation 13.09 eV,6.09482,2.24982e-18,43.7634
C8 Ar Excitation 13.09 eV,6.32848,4.06403e-18,59.2057
C8 Ar Excitation 13.09 eV,6.56248,6.47508e-18,77.0238
C8 Ar Excitation 13.09 eV,6.80014,9.48211e-18,97.2176
C8 Ar Excitation 13.09 eV,7.04422,1.3077e-17,119.787
C8 Ar Excitation 13.09 eV,7.29691,1.7254e-17,144.732
C8 Ar Excitation 13.09 eV,7.56043,2.20027e-17,172.054
C8 Ar Excitation 13.09 eV,7.83628,2.73047e-17,201.75
C8 Ar Excitation 13.09 eV,8.12637,3.31479e-17,233.823
C8 Ar Excitation 13.09 eV,8.43263,3.95171e-17,268.271
C8 Ar Excitation 13.09 eV,8.756,4.64025e-17,305.095
C8 Ar Excitation 13.09 eV,9.09866,5.37861e-17,344.295
C8 Ar Excitation 13.09 eV,9.46271,6.16596e-17,385.87
C8 Ar Excitation 13.09 eV,9.84924,6.99884e-17,429.822
C8 Ar Excitation 13.09 eV,10.2604,7.87575e-17,476.149
C8 Ar Excitation 13.09 eV,10.6991,8.79628e-17,524.851
C8 Ar Excitation 13.09 eV,11.1681,9.75718e-17,575.93
C8 Ar Excitation 13.09 eV,11.6671,1.07508e-16,629.384
C8 Ar Excitation 13.09 eV,12.2021,1.17813e-16,685.214
C8 Ar Excitation 13.09 eV,12.7745,1.28406e-16,743.42
C8 Ar Excitation 13.09 eV,13.3861,1.39216e-16,804.001
C8 Ar Excitation 13.09 eV,14.0422,1.50271e-16,866.958
C8 Ar Excitation 13.09 eV,14.7433,1.61461e-16,932.291
C8 Ar Excitation 13.09 eV,15.4923,1.72746e-16,1000.0
C9 Ar Excitation 13.15 eV,2.4075,0.0,1.0
C9 Ar Excitation 13.15 eV,3.52837,2.67171e-30,2.18787
C9 Ar Excitation 13.15 eV,5.08509,8.33476e-22,5.75149
C9 Ar Excitation 13.15 eV,5.39609,5.83668e-20,11.6908
C9 Ar Excitation 13.15 eV,5.62479,3.94105e-19,20.0059
C9 Ar Excitation 13.15 eV,5.85972,1.23748e-18,30.6968
C9 Ar Excitation 13.15 eV,6.09482,2.70714e-18,43.7634
C9 Ar Excitation 13.15 eV,6.32848,4.8289e-18,59.2057
C9 Ar Excitation 13.15 eV,6.56248,7.57794e-18,77.0238
C9 Ar Excitation 13.15 eV,6.80014,1.09135e-17,97.2176
C9 Ar Excitation 13.15 eV,7.04422,1.4788e-17,119.787
C9 Ar Excitation 13.15 eV,7.29691,1.91587e-17,144.732
C9 Ar Excitation 13.15 eV,7.56043,2.39799e-17,172.054
C9 Ar Excitation 13.15 eV,7.83628,2.91996e-17,201.75
C9 Ar Excitation 13.15 eV,8.12637,3.47755e-17,233.823
C9 Ar Excitation 13.15 eV,8.43263,4.0664e-17,268.271
C9 Ar Excitation 13.15 eV,8.756,4.68293e-17,305.095
C9 Ar Excitation 13.15 eV,9.09866,5.32286e-17,344.295
C9 Ar Excitation 13.15 eV,9.46271,5.98314e-17,385.87
C9 Ar Excitation 13.15 eV,9.84924,6.65831e-17,429.822
C9 Ar Excitation 13.15 eV,10.2604,7.34496e-17,476.149
C9 Ar Excitation 13.15 eV,10.6991,8.0409e-17,524.851
C9 Ar Excitation 13.15 eV,11.1681,8.74147e-17,575.93
C9 Ar Excitation 13.15 eV,11.6671,9.43832e-17,629.384
C9 Ar Excitation 13.15 eV,12.2021,1.01338e-16,685.214
C9 Ar Excitation 13.15 eV,12.7745,1.08194e-16,743.42
C9 Ar Excitation 13.15 eV,13.3861,1.14896e-16,804.001
C9 Ar Excitation 13.15 eV,14.0422,1.21466e-16,866.958
C9 Ar Excitation 13.15 eV,14.7433,1.27801e-16,932.291
C9 Ar Excitation 13.15 eV,15.4923,1.33887e-16,1000.0
C10 Ar Excitation 13.17 eV,2.4075,0.0,1.0
C10 Ar Excitation 13.17 eV,3.52837,1.37011e-30,2.18787
C10 Ar Excitation 13.17 eV,5.08509,4.92989e-22,5.75149
C10 Ar Excitation 13.17 eV,5.39609,3.65415e-20,11.6908
C10 Ar Excitation 13.17 eV,5.62479,2.56171e-19,20.0059
C10 Ar Excitation 13.17 eV,5.85972,8.29783e-19,30.6968
C10 Ar Excitation 13.17 eV,6.09482,1.86658e-18,43.7634
C10 Ar Excitation 13.17 eV,6.32848,3.41702e-18,59.2057
C10 Ar Excitation 13.17 eV,6.56248,5.49641e-18,77.0238
C10 Ar Excitation 13.17 eV,6.80014,8.10673e-18,97.2176
C10 Ar Excitation 13.17 eV,7.04422,1.12425e-17,119.787
C10 Ar Excitation 13.17 eV,7.29691,1.48996e-17,144.732
C10 Ar Excitation 13.17 eV,7.56043,1.90695e-17,172.054
C10 Ar Excitation 13.17 eV,7.83628,2.37365e-17,201.75
C10 Ar Excitation 13.17 eV,8.12637,2.88901e-17,233.823
C10 Ar Excitation 13.17 eV,8.43263,3.4517e-17,268.271
C10 Ar Excitation 13.17 eV,8.756,4.06089e-17,305.095
C10 Ar Excitation 13.17 eV,9.09866,4.71496e-17,344.295
C10 Ar Excitation 13.17 eV,9.46271,5.4132e-17,385.87
C10 Ar Excitation 13.17 eV,9.84924,6.15254e-17,429.822
C10 Ar Excitation 13.17 eV,10.2604,6.93167e-17,476.149
C10 Ar Excitation 13.17 eV,10.6991,7.75022e-17,524.851
C10 Ar Excitation 13.17 eV,11.1681,8.60529e-17,575.93
C10 Ar Excitation 13.17 eV,11.6671,9.49018e-17,629.384
C10 Ar Excitation 13.17 eV,12.2021,1.04084e-16,685.214
C10 Ar Excitation 13.17 eV,12.7745,1.13531e-16,743.42
C10 Ar Excitation 13.17 eV,13.3861,1.23176e-16,804.001
C10 Ar Excitation 13.17 eV,14.0422,1.33046e-16,866.958
C10 Ar Excitation 13.17 eV,14.7433,1.43042e-16,932.291
C10 Ar Excitation 13.17 eV,15.4923,1.53128e-16,1000.0
C11 Ar Excitation 13.27 eV,2.4075,0.0,1.0
C11 Ar Excitation 13.27 eV,3.52837,8.8775e-31,2.18787
C11 Ar Excitation 13.27 eV,5.08509,6.16006e-22,5.75149
C11 Ar Excitation 13.27 eV,5.39609,5.42717e-20,11.6908
C11 Ar Excitation 13.27 eV,5.62479,4.03802e-19,20.0059
C11 Ar Excitation 13.27 eV,5.85972,1.33603e-18,30.6968
C11 Ar Excitation 13.27 eV,6.09482,3.01807e-18,43.7634
C11 Ar Excitation 13.27 eV,6.32848,5.50019e-18,59.2057
C11 Ar Excitation 13.27 eV,6.56248,8.76414e-18,77.0238
C11 Ar Excitation 13.27 eV,6.80014,1.27661e-17,97.2176
C11 Ar Excitation 13.27 eV,7.04422,1.74509e-17,119.787
C11 Ar Excitation 13.27 eV,7.29691,2.27671e-17,144.732
C11 Ar Excitation 13.27 eV,7.56043,2.86587e-17,172.054
C11 Ar Excitation 13.27 eV,7.83628,3.5062e-17,201.75
C11 Ar Excitation 13.27 eV,8.12637,4.19243e-17,233.823
C11 Ar Excitation 13.27 eV,8.43263,4.9191e-17,268.271
C11 Ar Excitation 13.27 eV,8.756,5.6818e-17,305.095
C11 Ar Excitation 13.27 eV,9.09866,6.47514e-17,344.295
C11 Ar Excitation 13.27 eV,9.46271,7.29528e-17,385.87
C11 Ar Excitation 13.27 eV,9.84924,8.13539e-17,429.822
C11 Ar Excitation 13.27 eV,10.2604,8.99118e-17,476.149
C11 Ar Excitation 13.27 eV,10.6991,9.85989e-17,524.851
C11 Ar Excitation 13.27 eV,11.1681,1.07356e-16,575.93
C11 Ar Excitation 13.27 eV,11.6671,1.16081e-16,629.384
C11 Ar Excitation 13.27 eV,12.2021,1.24799e-16,685.214
C11 Ar Excitation 13.27 eV,12.7745,1.33408e-16,743.42
C11 Ar Excitation 13.27 eV,13.3861,1.41834e-16,804.001
C11 Ar Excitation 13.27 eV,14.0422,1.50105e-16,866.958
C11 Ar Excitation 13.27 eV,14.7433,1.58092e-16,932.291
C11 Ar Excitation 13.27 eV,15.4923,1.65777e-16,1000.0
C12 Ar Excitation 13.28 eV,2.4075,0.0,1.0
C12 Ar Excitation 13.28 eV,3.52837,4.83755e-31,2.18787
C12 Ar Excitation 13.28 eV,5.08509,3.59326e-22,5.75149
C12 Ar Excitation 13.28 eV,5.39609,3.22768e-20,11.6908
C12 Ar Excitation 13.28 eV,5.62479,2.42116e-19,20.0059
C12 Ar Excitation 13.28 eV,5.85972,8.0456e-19,30.6968
C12 Ar Excitation 13.28 eV,6.09482,1.82228e-18,43.7634
C12 Ar Excitation 13.28 eV,6.32848,3.32679e-18,59.2057
C12 Ar Excitation 13.28 eV,6.56248,5.30766e-18,77.0238
C12 Ar Excitation 13.28 eV,6.80014,7.73873e-18,97.2176
C12 Ar Excitation 13.28 eV,7.04422,1.05868e-17,119.787
C12 Ar Excitation 13.28 eV,7.29691,1.38208e-17,144.732
C12 Ar Excitation 13.28 eV,7.56043,1.74068e-17,172.054
C12 Ar Excitation 13.28 eV,7.83628,2.13061e-17,201.75
C12 Ar Excitation 13.28 eV,8.12637,2.54865e-17,233.823
C12 Ar Excitation 13.28 eV,8.43263,2.99147e-17,268.271
C12 Ar Excitation 13.28 eV,8.756,3.45637e-17,305.095
C12 Ar Excitation 13.28 eV,9.09866,3.94004e-17,344.295
C12 Ar Excitation 13.28 eV,9.46271,4.44015e-17,385.87
C12 Ar Excitation 13.28 eV,9.84924,4.95251e-17,429.822
C12 Ar Excitation 13.28 eV,10.2604,5.4745e-17,476.149
C12 Ar Excitation 13.28 eV,10.6991,6.00444e-17,524.851
C12 Ar Excitation 13.28 eV,11.1681,6.53873e-17,575.93
C12 Ar Excitation 13.28 eV,11.6671,7.07106e-17,629.384
C12 Ar Excitation 13.28 eV,12.2021,7.6031e-17,685.214
C12 Ar Excitation 13.28 eV,12.7745,8.12845e-17,743.42
C12 Ar Excitation 13.28 eV,13.3861,8.64271e-17,804.001
C12 Ar Excitation 13.28 eV,14.0422,9.14756e-17,866.958
C12 Ar Excitation 13.28 eV,14.7433,9.63519e-17,932.291
C12 Ar Excitation 13.28 eV,15.4923,1.01043e-16,1000.0
C13 Ar Excitation 13.30 eV,2.4075,0.0,1.0
C13 Ar Excitation 13.30 eV,3.52837,2.83254e-31,2.18787
C13 Ar Excitation 13.30 eV,5.08509,2.44911e-22,5.75149
C13 Ar Excitation 13.30 eV,5.39609,2.33488e-20,11.6908
C13 Ar Excitation 13.30 eV,5.62479,1.82056e-19,20.0059
C13 Ar Excitation 13.30 eV,5.85972,6.24437e-19,30.6968
C13 Ar Excitation 13.30 eV,6.09482,1.45469e-18,43.7634
C13 Ar Excitation 13.30 eV,6.32848,2.72591e-18,59.2057
C13 Ar Excitation 13.30 eV,6.56248,4.45829e-18,77.0238
C13 Ar Excitation 13.30 eV,6.80014,6.65785e-18,97.2176
C13 Ar Excitation 13.30 eV,7.04422,9.32257e-18,119.787
C13 Ar Excitation 13.30 eV,7.29691,1.24505e-17,144.732
C13 Ar Excitation 13.30 eV,7.56043,1.60352e-17,172.054
C13 Ar Excitation 13.30 eV,7.83628,2.00639e-17,201.75
C13 Ar Excitation 13.30 eV,8.12637,2.45278e-17,233.823
C13 Ar Excitation 13.30 eV,8.43263,2.94156e-17,268.271
C13 Ar Excitation 13.30 eV,8.756,3.47206e-17,305.095
C13 Ar Excitation 13.30 eV,9.09866,4.04288e-17,344.295
C13 Ar Excitation 13.30 eV,9.46271,4.65339e-17,385.87
C13 Ar Excitation 13.30 eV,9.84924,5.30097e-17,429.822
C13 Ar Excitation 13.30 eV,10.2604,5.98446e-17,476.149
C13 Ar Excitation 13.30 eV,10.6991,6.70357e-17,524.851
C13 Ar Excitation 13.30 eV,11.1681,7.45576e-17,575.93
C13 Ar Excitation 13.30 eV,11.6671,8.23523e-17,629.384
C13 Ar Excitation 13.30 eV,12.2021,9.04503e-17,685.214
C13 Ar Excitation 13.30 eV,12.7745,9.87905e-17,743.42
C13 Ar Excitation 13.30 eV,13.3861,1.07316e-16,804.001
C13 Ar Excitation 13.30 eV,14.0422,1.16048e-16,866.958
C13 Ar Excitation 13.30 eV,14.7433,1.24901e-16,932.291
C13 Ar Excitation 13.30 eV,15.4923,1.33842e-16,1000.0
C14 Ar Excitation 13.33 eV,2.4075,0.0,1.0
C14 Ar Excitation 13.33 eV,3.52837,1.78028e-31,2.18787
C14 Ar Excitation 13.33 eV,5.08509,1.79632e-22,5.75149
C14 Ar Excitation 13.33 eV,5.39609,1.76324e-20,11.6908
C14 Ar Excitation 13.33 eV,5.62479,1.37336e-19,20.0059
C14 Ar Excitation 13.33 eV,5.85972,4.65693e-19,30.6968
C14 Ar Excitation 13.33 eV,6.09482,1.06786e-18,43.7634
C14 Ar Excitation 13.33 eV,6.32848,1.96559e-18,59.2057
C14 Ar Excitation 13.33 eV,6.56248,3.15433e-18,77.0238
C14 Ar Excitation 13.33 eV,6.80014,4.61917e-18,97.2176
C14 Ar Excitation 13.33 eV,7.04422,6.34041e-18,119.787
C14 Ar Excitation 13.33 eV,7.29691,8.29935e-18,144.732
C14 Ar Excitation 13.33 eV,7.56043,1.04754e-17,172.054
C14 Ar Excitation 13.33 eV,7.83628,1.28451e-17,201.75
C14 Ar Excitation 13.33 eV,8.12637,1.53887e-17,233.823
C14 Ar Excitation 13.33 eV,8.43263,1.80858e-17,268.271
C14 Ar Excitation 13.33 eV,8.756,2.092e-17,305.095
C14 Ar Excitation 13.33 eV,9.09866,2.38711e-17,344.295
C14 Ar Excitation 13.33 eV,9.46271,2.69246e-17,385.87
C14 Ar Excitation 13.33 eV,9.84924,3.0055e-17,429.822
C14 Ar Excitation 13.33 eV,10.2604,3.32463e-17,476.149
C14 Ar Excitation 13.33 eV,10.6991,3.6488e-17,524.851
C14 Ar Excitation 13.33 eV,11.1681,3.9758e-17,575.93
C14 Ar Excitation 13.33 eV,11.6671,4.3018e-17,629.384
C14 Ar Excitation 13.33 eV,12.2021,4.62778e-17,685.214
C14 Ar Excitation 13.33 eV,12.7745,4.94984e-17,743.42
C14 Ar Excitation 13.33 eV,13.3861,5.26528e-17,804.001
C14 Ar Excitation 13.33 eV,14.0422,5.57509e-17,866.958
C14 Ar Excitation 13.33 eV,14.7433,5.8745e-17,932.291
C14 Ar Excitation 13.33 eV,15.4923,6.16273e-17,1000.0
C15 Ar Excitation 13.48 eV,2.4075,0.0,1.0
C15 Ar Excitation 13.48 eV,3.52837,9.53545e-32,2.18787
C15 Ar Excitation 13.48 eV,5.08509,2.83652e-22,5.75149
C15 Ar Excitation 13.48 eV,5.39609,3.87572e-20,11.6908
C15 Ar Excitation 13.48 eV,5.62479,3.52312e-19,20.0059
C15 Ar Excitation 13.48 eV,5.85972,1.31151e-18,30.6968
C15 Ar Excitation 13.48 eV,6.09482,3.21061e-18,43.7634
C15 Ar Excitation 13.48 eV,6.32848,6.21672e-18,59.2057
C15 Ar Excitation 13.48 eV,6.56248,1.04062e-17,77.0238
C15 Ar Excitation 13.48 eV,6.80014,1.58109e-17,97.2176
C15 Ar Excitation 13.48 eV,7.04422,2.24364e-17,119.787
C15 Ar Excitation 13.48 eV,7.29691,3.02852e-17,144.732
C15 Ar Excitation 13.48 eV,7.56043,3.9346e-17,172.054
C15 Ar Excitation 13.48 eV,7.83628,4.95897e-17,201.75
C15 Ar Excitation 13.48 eV,8.12637,6.09961e-17,233.823
C15 Ar Excitation 13.48 eV,8.43263,7.35378e-17,268.271
C15 Ar Excitation 13.48 eV,8.756,8.71982e-17,305.095
C15 Ar Excitation 13.48 eV,9.09866,1.01942e-16,344.295
C15 Ar Excitation 13.48 eV,9.46271,1.17754e-16,385.87
C15 Ar Excitation 13.48 eV,9.84924,1.34567e-16,429.822
C15 Ar Excitation 13.48 eV,10.2604,1.5235e-16,476.149
C15 Ar Excitation 13.48 eV,10.6991,1.71096e-16,524.851
C15 Ar Excitation 13.48 eV,11.1681,1.90739e-16,575.93
C15 Ar Excitation 13.48 eV,11.6671,2.11129e-16,629.384
C15 Ar Excitation 13.48 eV,12.2021,2.32345e-16,685.214
C15 Ar Excitation 13.48 eV,12.7745,2.54228e-16,743.42
C15 Ar Excitation 13.48 eV,13.3861,2.76627e-16,804.001
C15 Ar Excitation 13.48 eV,14.0422,2.99595e-16,866.958
C15 Ar Excitation 13.48 eV,14.7433,3.22913e-16,932.291
C15 Ar Excitation 13.48 eV,15.4923,3.46486e-16,1000.0
C16 Ar Excitation 13.84 eV,2.4075,0.0,1.0
C16 Ar Excitation 13.84 eV,3.52837,3.85033e-33,2.18787
C16 Ar Excitation 13.84 eV,5.08509,1.69704e-22,5.75149
C16 Ar Excitation 13.84 eV,5.39609,5.10393e-20,11.6908
C16 Ar Excitation 13.84 eV,5.62479,6.3296e-19,20.0059
C16 Ar Excitation 13.84 eV,5.85972,2.71481e-18,30.6968
C16 Ar Excitation 13.84 eV,6.09482,7.10833e-18,43.7634
C16 Ar Excitation 13.84 eV,6.32848,1.41795e-17,59.2057
C16 Ar Excitation 13.84 eV,6.56248,2.3945e-17,77.0238
C16 Ar Excitation 13.84 eV,6.80014,3.62398e-17,97.2176
C16 Ar Excitation 13.84 eV,7.04422,5.08111e-17,119.787
C16 Ar Excitation 13.84 eV,7.29691,6.7401e-17,144.732
C16 Ar Excitation 13.84 eV,7.56043,8.57305e-17,172.054
C16 Ar Excitation 13.84 eV,7.83628,1.05504e-16,201.75
C16 Ar Excitation 13.84 eV,8.12637,1.26467e-16,233.823
C16 Ar Excitation 13.84 eV,8.43263,1.48372e-16,268.271
C16 Ar Excitation 13.84 eV,8.756,1.71018e-16,305.095
C16 Ar Excitation 13.84 eV,9.09866,1.94182e-16,344.295
C16 Ar Excitation 13.84 eV,9.46271,2.17699e-16,385.87
C16 Ar Excitation 13.84 eV,9.84924,2.41326e-16,429.822
C16 Ar Excitation 13.84 eV,10.2604,2.64907e-16,476.149
C16 Ar Excitation 13.84 eV,10.6991,2.88337e-16,524.851
C16 Ar Excitation 13.84 eV,11.1681,3.11427e-16,575.93
C16 Ar Excitation 13.84 eV,11.6671,3.33866e-16,629.384
C16 Ar Excitation 13.84 eV,12.2021,3.55734e-16,685.214
C16 Ar Excitation 13.84 eV,12.7745,3.76725e-16,743.42
C16 Ar Excitation 13.84 eV,13.3861,3.96655e-16,804.001
C16 Ar Excitation 13.84 eV,14.0422,4.15634e-16,866.958
C16 Ar Excitation 13.84 eV,14.7433,4.33302e-16,932.291
C16 Ar Excitation 13.84 eV,15.4923,4.49666e-16,1000.0
C17 Ar Excitation 13.86 eV,2.4075,0.0,1.0
C17 Ar Excitation 13.86 eV,3.52837,2.23363e-37,2.18787
C17 Ar Excitation 13.86 eV,5.08509,2.60777e-26,5.75149
C17 Ar Excitation 13.86 eV,5.39609,1.49516e-23,11.6908
C17 Ar Excitation 13.86 eV,5.62479,2.93513e-22,20.0059
C17 Ar Excitation 13.86 eV,5.85972,1.78045e-21,30.6968
C17 Ar Excitation 13.86 eV,6.09482,6.15572e-21,43.7634
C17 Ar Excitation 13.86 eV,6.32848,1.55076e-20,59.2057
C17 Ar Excitation 13.86 eV,6.56248,3.20798e-20,77.0238
C17 Ar Excitation 13.86 eV,6.80014,5.81564e-20,97.2176
C17 Ar Excitation 13.86 eV,7.04422,9.59792e-20,119.787
C17 Ar Excitation 13.86 eV,7.29691,1.47796e-19,144.732
C17 Ar Excitation 13.86 eV,7.56043,2.15785e-19,172.054
C17 Ar Excitation 13.86 eV,7.83628,3.02004e-19,201.75
C17 Ar Excitation 13.86 eV,8.12637,4.08515e-19,233.823
C17 Ar Excitation 13.86 eV,8.43263,5.3732e-19,268.271
C17 Ar Excitation 13.86 eV,8.756,6.90484e-19,305.095
C17 Ar Excitation 13.86 eV,9.09866,8.6991e-19,344.295
C17 Ar Excitation 13.86 eV,9.46271,1.07764e-18,385.87
C17 Ar Excitation 13.86 eV,9.84924,1.31526e-18,429.822
C17 Ar Excitation 13.86 eV,10.2604,1.58464e-18,476.149
C17 Ar Excitation 13.86 eV,10.6991,1.88784e-18,524.851
C17 Ar Excitation 13.86 eV,11.1681,2.22632e-18,575.93
C17 Ar Excitation 13.86 eV,11.6671,2.60041e-18,629.384
C17 Ar Excitation 13.86 eV,12.2021,3.01301e-18,685.214
C17 Ar Excitation 13.86 eV,12.7745,3.4645e-18,743.42
C17 Ar Excitation 13.86 eV,13.3861,3.95349e-18,804.001
C17 Ar Excitation 13.86 eV,14.0422,4.48195e-18,866.958
C17 Ar Excitation 13.86 eV,14.7433,5.04881e-18,932.291
C17 Ar Excitation 13.86 eV,15.4923,5.65233e-18,1000.0
C18 Ar Excitation 13.90 eV,2.4075,0.0,1.0
C18 Ar Excitation 13.90 eV,3.52837,1.63481e-33,2.18787
C18 Ar Excitation 13.90 eV,5.08509,1.15535e-22,5.75149
C18 Ar Excitation 13.90 eV,5.39609,4.02506e-20,11.6908
C18 Ar Excitation 13.90 eV,5.62479,5.31186e-19,20.0059
C18 Ar Excitation 13.90 eV,5.85972,2.35263e-18,30.6968
C18 Ar Excitation 13.90 eV,6.09482,6.27789e-18,43.7634
C18 Ar Excitation 13.90 eV,6.32848,1.26781e-17,59.2057
C18 Ar Excitation 13.90 eV,6.56248,2.15947e-17,77.0238
C18 Ar Excitation 13.90 eV,6.80014,3.28905e-17,97.2176
C18 Ar Excitation 13.90 eV,7.04422,4.6339e-17,119.787
C18 Ar Excitation 13.90 eV,7.29691,6.17046e-17,144.732
C18 Ar Excitation 13.90 eV,7.56043,7.87287e-17,172.054
C18 Ar Excitation 13.90 eV,7.83628,9.71356e-17,201.75
C18 Ar Excitation 13.90 eV,8.12637,1.16687e-16,233.823
C18 Ar Excitation 13.90 eV,8.43263,1.37151e-16,268.271
C18 Ar Excitation 13.90 eV,8.756,1.58335e-16,305.095
C18 Ar Excitation 13.90 eV,9.09866,1.8003e-16,344.295
C18 Ar Excitation 13.90 eV,9.46271,2.02081e-16,385.87
C18 Ar Excitation 13.90 eV,9.84924,2.24256e-16,429.822
C18 Ar Excitation 13.90 eV,10.2604,2.46407e-16,476.149
C18 Ar Excitation 13.90 eV,10.6991,2.68437e-16,524.851
C18 Ar Excitation 13.90 eV,11.1681,2.90164e-16,575.93
C18 Ar Excitation 13.90 eV,11.6671,3.11298e-16,629.384
C18 Ar Excitation 13.90 eV,12.2021,3.3191e-16,685.214
C18 Ar Excitation 13.90 eV,12.7745,3.51712e-16,743.42
C18 Ar Excitation 13.90 eV,13.3861,3.70531e-16,804.001
C18 Ar Excitation 13.90 eV,14.0422,3.88465e-16,866.958
C18 Ar Excitation 13.90 eV,14.7433,4.05179e-16,932.291
C18 Ar Excitation 13.90 eV,15.4923,4.20675e-16,1000.0
C19 Ar Excitation 13.98 eV,2.4075,0.0,1.0
C19 Ar Excitation 13.98 eV,3.52837,4.5984e-34,2.18787
C19 Ar Excitation 13.98 eV,5.08509,6.06691e-23,5.75149
C19 Ar Excitation 13.98 eV,5.39609,2.56771e-20,11.6908
C19 Ar Excitation 13.98 eV,5.62479,3.67766e-19,20.0059
C19 Ar Excitation 13.98 eV,5.85972,1.69859e-18,30.6968
C19 Ar Excitation 13.98 eV,6.09482,4.64572e-18,43.7634
C19 Ar Excitation 13.98 eV,6.32848,9.53321e-18,59.2057
C19 Ar Excitation 13.98 eV,6.56248,1.64203e-17,77.0238
C19 Ar Excitation 13.98 eV,6.80014,2.5216e-17,97.2176
C19 Ar Excitation 13.98 eV,7.04422,3.57507e-17,119.787
C19 Ar Excitation 13.98 eV,7.29691,4.78424e-17,144.732
C19 Ar Excitation 13.98 eV,7.56043,6.12877e-17,172.054
C19 Ar Excitation 13.98 eV,7.83628,7.58677e-17,201.75
C19 Ar Excitation 13.98 eV,8.12637,9.13919e-17,233.823
C19 Ar Excitation 13.98 eV,8.43263,1.07673e-16,268.271
C19 Ar Excitation 13.98 eV,8.756,1.24556e-16,305.095
C19 Ar Excitation 13.98 eV,9.09866,1.41874e-16,344.295
C19 Ar Excitation 13.98 eV,9.46271,1.59499e-16,385.87
C19 Ar Excitation 13.98 eV,9.84924,1.77245e-16,429.822
C19 Ar Excitation 13.98 eV,10.2604,1.94992e-16,476.149
C19 Ar Excitation 13.98 eV,10.6991,2.12662e-16,524.851
C19 Ar Excitation 13.98 eV,11.1681,2.30105e-16,575.93
C19 Ar Excitation 13.98 eV,11.6671,2.47092e-16,629.384
C19 Ar Excitation 13.98 eV,12.2021,2.63677e-16,685.214
C19 Ar Excitation 13.98 eV,12.7745,2.79627e-16,743.42
C19 Ar Excitation 13.98 eV,13.3861,2.94804e-16,804.001
C19 Ar Excitation 13.98 eV,14.0422,3.09281e-16,866.958
C19 Ar Excitation 13.98 eV,14.7433,3.22793e-16,932.291
C19 Ar Excitation 13.98 eV,15.4923,3.35337e-16,1000.0
C20 Ar Excitation 14.02 eV,2.4075,0.0,1.0
C20 Ar Excitation 14.02 eV,3.52837,7.34043e-35,2.18787
C20 Ar Excitation 14.02 eV,5.08509,1.37817e-23,5.75149
C20 Ar Excitation 14.02 eV,5.39609,6.60813e-21,11.6908
C20 Ar Excitation 14.02 eV,5.62479,1.00976e-19,20.0059
C20 Ar Excitation 14.02 eV,5.85972,4.87063e-19,30.6968
C20 Ar Excitation 14.02 eV,6.09482,1.3781e-18,43.7634
C20 Ar Excitation 14.02 eV,6.32848,2.91092e-18,59.2057
C20 Ar Excitation 14.02 eV,6.56248,5.14581e-18,77.0238
C20 Ar Excitation 14.02 eV,6.80014,8.09431e-18,97.2176
C20 Ar Excitation 14.02 eV,7.04422,1.17379e-17,119.787
C20 Ar Excitation 14.02 eV,7.29691,1.60486e-17,144.732
C20 Ar Excitation 14.02 eV,7.56043,2.09856e-17,172.054
C20 Ar Excitation 14.02 eV,7.83628,2.64977e-17,201.75
C20 Ar Excitation 14.02 eV,8.12637,3.25375e-17,233.823
C20 Ar Excitation 14.02 eV,8.43263,3.90546e-17,268.271
C20 Ar Excitation 14.02 eV,8.756,4.60056e-17,305.095
C20 Ar Excitation 14.02 eV,9.09866,5.33392e-17,344.295
C20 Ar Excitation 14.02 eV,9.46271,6.10151e-17,385.87
C20 Ar Excitation 14.02 eV,9.84924,6.89672e-17,429.822
C20 Ar Excitation 14.02 eV,10.2604,7.71525e-17,476.149
C20 Ar Excitation 14.02 eV,10.6991,8.55411e-17,524.851
C20 Ar Excitation 14.02 eV,11.1681,9.40731e-17,575.93
C20 Ar Excitation 14.02 eV,11.6671,1.02653e-16,629.384
C20 Ar Excitation 14.02 eV,12.2021,1.11298e-16,685.214
C20 Ar Excitation 14.02 eV,12.7745,1.19906e-16,743.42
C20 Ar Excitation 14.02 eV,13.3861,1.28405e-16,804.001
C20 Ar Excitation 14.02 eV,14.0422,1.36809e-16,866.958
C20 Ar Excitation 14.02 eV,14.7433,1.44999e-16,932.291
C20 Ar Excitation 14.02 eV,15.4923,1.52942e-16,1000.0
C21 Ar Excitation 14.06 eV,2.4075,0.0,1.0
C21 Ar Excitation 14.06 eV,3.52837,4.96721e-35,2.18787
C21 Ar Excitation 14.06 eV,5.08509,1.36756e-23,5.75149
C21 Ar Excitation 14.06 eV,5.39609,7.39024e-21,11.6908
C21 Ar Excitation 14.06 eV,5.62479,1.18687e-19,20.0059
C21 Ar Excitation 14.06 eV,5.85972,5.87178e-19,30.6968
C21 Ar Excitation 14.06 eV,6.09482,1.68614e-18,43.7634
C21 Ar Excitation 14.06 eV,6.32848,3.59577e-18,59.2057
C21 Ar Excitation 14.06 eV,6.56248,6.39877e-18,77.0238
C21 Ar Excitation 14.06 eV,6.80014,1.01144e-17,97.2176
C21 Ar Excitation 14.06 eV,7.04422,1.4722e-17,119.787
C21 Ar Excitation 14.06 eV,7.29691,2.01879e-17,144.732
C21 Ar Excitation 14.06 eV,7.56043,2.64612e-17,172.054
C21 Ar Excitation 14.06 eV,7.83628,3.34773e-17,201.75
C21 Ar Excitation 14.06 eV,8.12637,4.11759e-17,233.823
C21 Ar Excitation 14.06 eV,8.43263,4.94928e-17,268.271
C21 Ar Excitation 14.06 eV,8.756,5.83719e-17,305.095
C21 Ar Excitation 14.06 eV,9.09866,6.77481e-17,344.295
C21 Ar Excitation 14.06 eV,9.46271,7.7569e-17,385.87
C21 Ar Excitation 14.06 eV,9.84924,8.77503e-17,429.822
C21 Ar Excitation 14.06 eV,10.2604,9.82365e-17,476.149
C21 Ar Excitation 14.06 eV,10.6991,1.08989e-16,524.851
C21 Ar Excitation 14.06 eV,11.1681,1.19931e-16,575.93
C21 Ar Excitation 14.06 eV,11.6671,1.30941e-16,629.384
C21 Ar Excitation 14.06 eV,12.2021,1.42039e-16,685.214
C21 Ar Excitation 14.06 eV,12.7745,1.53095e-16,743.42
C21 Ar Excitation 14.06 eV,13.3861,1.64016e-16,804.001
C21 Ar Excitation 14.06 eV,14.0422,1.74819e-16,866.958
C21 Ar Excitation 14.06 eV,14.7433,1.85354e-16,932.291
C21 Ar Excitation 14.06 eV,15.4923,1.95576e-16,1000.0
C22 Ar Excitation 14.09 eV,2.4075,0.0,1.0
C22 Ar Excitation 14.09 eV,3.52837,2.39308e-37,2.18787
C22 Ar Excitation 14.09 eV,5.08509,1.78999e-25,5.75149
C22 Ar Excitation 14.09 eV,5.39609,1.86948e-22,11.6908
C22 Ar Excitation 14.09 eV,5.62479,4.72945e-21,20.0059
C22 Ar Excitation 14.09 eV,5.85972,3.26912e-20,30.6968
C22 Ar Excitation 14.09 eV,6.09482,1.22204e-19,43.7634
C22 Ar Excitation 14.09 eV,6.32848,3.24149e-19,59.2057
C22 Ar Excitation 14.09 eV,6.56248,6.95501e-19,77.0238
C22 Ar Excitation 14.09 eV,6.80014,1.29558e-18,97.2176
C22 Ar Excitation 14.09 eV,7.04422,2.18345e-18,119.787
C22 Ar Excitation 14.09 eV,7.29691,3.41868e-18,144.732
C22 Ar Excitation 14.09 eV,7.56043,5.05943e-18,172.054
C22 Ar Excitation 14.09 eV,7.83628,7.16116e-18,201.75
C22 Ar Excitation 14.09 eV,8.12637,9.77935e-18,233.823
C22 Ar Excitation 14.09 eV,8.43263,1.2968e-17,268.271
C22 Ar Excitation 14.09 eV,8.756,1.67828e-17,305.095
C22 Ar Excitation 14.09 eV,9.09866,2.12751e-17,344.295
C22 Ar Excitation 14.09 eV,9.46271,2.65e-17,385.87
C22 Ar Excitation 14.09 eV,9.84924,3.25008e-17,429.822
C22 Ar Excitation 14.09 eV,10.2604,3.93288e-17,476.149
C22 Ar Excitation 14.09 eV,10.6991,4.70385e-17,524.851
C22 Ar Excitation 14.09 eV,11.1681,5.56704e-17,575.93
C22 Ar Excitation 14.09 eV,11.6671,6.52365e-17,629.384
C22 Ar Excitation 14.09 eV,12.2021,7.58128e-17,685.214
C22 Ar Excitation 14.09 eV,12.7745,8.74124e-17,743.42
C22 Ar Excitation 14.09 eV,13.3861,1.00001e-16,804.001
C22 Ar Excitation 14.09 eV,14.0422,1.13632e-16,866.958
C22 Ar Excitation 14.09 eV,14.7433,1.28278e-16,932.291
C22 Ar Excitation 14.09 eV,15.4923,1.43898e-16,1000.0
C23 Ar Excitation 14.15 eV,2.4075,0.0,1.0
C23 Ar Excitation 14.15 eV,3.52837,1.78964e-37,2.18787
C23 Ar Excitation 14.15 eV,5.08509,2.37506e-25,5.75149
C23 Ar Excitation 14.15 eV,5.39609,2.95462e-22,11.6908
C23 Ar Excitation 14.15 eV,5.62479,8.03537e-21,20.0059
C23 Ar Excitation 14.15 eV,5.85972,5.76354e-20,30.6968
C23 Ar Excitation 14.15 eV,6.09482,2.2026e-19,43.7634
C23 Ar Excitation 14.15 eV,6.32848,5.92814e-19,59.2057
C23 Ar Excitation 14.15 eV,6.56248,1.2851e-18,77.0238
C23 Ar Excitation 14.15 eV,6.80014,2.41216e-18,97.2176
C23 Ar Excitation 14.15 eV,7.04422,4.08897e-18,119.787
C23 Ar Excitation 14.15 eV,7.29691,6.43169e-18,144.732
C23 Ar Excitation 14.15 eV,7.56043,9.554e-18,172.054
C23 Ar Excitation 14.15 eV,7.83628,1.35645e-17,201.75
C23 Ar Excitation 14.15 eV,8.12637,1.85719e-17,233.823
C23 Ar Excitation 14.15 eV,8.43263,2.46822e-17,268.271
C23 Ar Excitation 14.15 eV,8.756,3.20044e-17,305.095
C23 Ar Excitation 14.15 eV,9.09866,4.06394e-17,344.295
C23 Ar Excitation 14.15 eV,9.46271,5.06952e-17,385.87
C23 Ar Excitation 14.15 eV,9.84924,6.22574e-17,429.822
C23 Ar Excitation 14.15 eV,10.2604,7.54266e-17,476.149
C23 Ar Excitation 14.15 eV,10.6991,9.03094e-17,524.851
C23 Ar Excitation 14.15 eV,11.1681,1.06986e-16,575.93
C23 Ar Excitation 14.15 eV,11.6671,1.25481e-16,629.384
C23 Ar Excitation 14.15 eV,12.2021,1.45943e-16,685.214
C23 Ar Excitation 14.15 eV,12.7745,1.68398e-16,743.42
C23 Ar Excitation 14.15 eV,13.3861,1.92782e-16,804.001
C23 Ar Excitation 14.15 eV,14.0422,2.19196e-16,866.958
C23 Ar Excitation 14.15 eV,14.7433,2.47594e-16,932.291
C23 Ar Excitation 14.15 eV,15.4923,2.77891e-16,1000.0
C24 Ar Excitation 14.21 eV,2.4075,0.0,1.0
C24 Ar Excitation 14.21 eV,3.52837,8.99274e-36,2.18787
C24 Ar Excitation 14.21 eV,5.08509,8.91e-24,5.75149
C24 Ar Excitation 14.21 eV,5.39609,7.09811e-21,11.6908
C24 Ar Excitation 14.21 eV,5.62479,1.32269e-19,20.0059
C24 Ar Excitation 14.21 eV,5.85972,6.98473e-19,30.6968
C24 Ar Excitation 14.21 eV,6.09482,2.06649e-18,43.7634
C24 Ar Excitation 14.21 eV,6.32848,4.46194e-18,59.2057
C24 Ar Excitation 14.21 eV,6.56248,7.96267e-18,77.0238
C24 Ar Excitation 14.21 eV,6.80014,1.25503e-17,97.2176
C24 Ar Excitation 14.21 eV,7.04422,1.81502e-17,119.787
C24 Ar Excitation 14.21 eV,7.29691,2.46713e-17,144.732
C24 Ar Excitation 14.21 eV,7.56043,3.20051e-17,172.054
C24 Ar Excitation 14.21 eV,7.83628,4.00323e-17,201.75
C24 Ar Excitation 14.21 eV,8.12637,4.86449e-17,233.823
C24 Ar Excitation 14.21 eV,8.43263,5.77367e-17,268.271
C24 Ar Excitation 14.21 eV,8.756,6.72158e-17,305.095
C24 Ar Excitation 14.21 eV,9.09866,7.69874e-17,344.295
C24 Ar Excitation 14.21 eV,9.46271,8.69753e-17,385.87
C24 Ar Excitation 14.21 eV,9.84924,9.70717e-17,429.822
C24 Ar Excitation 14.21 eV,10.2604,1.07206e-16,476.149
C24 Ar Excitation 14.21 eV,10.6991,1.17331e-16,524.851
C24 Ar Excitation 14.21 eV,11.1681,1.27359e-16,575.93
C24 Ar Excitation 14.21 eV,11.6671,1.37159e-16,629.384
C24 Ar Excitation 14.21 eV,12.2021,1.46757e-16,685.214
C24 Ar Excitation 14.21 eV,12.7745,1.56018e-16,743.42
C24 Ar Excitation 14.21 eV,13.3861,1.64865e-16,804.001
C24 Ar Excitation 14.21 eV,14.0422,1.73328e-16,866.958
C24 Ar Excitation 14.21 eV,14.7433,1.81262e-16,932.291
C24 Ar Excitation 14.21 eV,15.4923,1.88656e-16,1000.0
C25 Ar Excitation 14.24 eV,2.4075,0.0,1.0
C25 Ar Excitation 14.24 eV,3.52837,3.57217e-36,2.18787
C25 Ar Excitation 14.24 eV,5.08509,4.3946e-24,5.75149
C25 Ar Excitation 14.24 eV,5.39609,3.80045e-21,11.6908
C25 Ar Excitation 14.24 eV,5.62479,7.41824e-20,20.0059
C25 Ar Excitation 14.24 eV,5.85972,4.0508e-19,30.6968
C25 Ar Excitation 14.24 eV,6.09482,1.23226e-18,43.7634
C25 Ar Excitation 14.24 eV,6.32848,2.72765e-18,59.2057
C25 Ar Excitation 14.24 eV,6.56248,4.98163e-18,77.0238
C25 Ar Excitation 14.24 eV,6.80014,8.02601e-18,97.2176
C25 Ar Excitation 14.24 eV,7.04422,1.18539e-17,119.787
C25 Ar Excitation 14.24 eV,7.29691,1.64428e-17,144.732
C25 Ar Excitation 14.24 eV,7.56043,2.17532e-17,172.054
C25 Ar Excitation 14.24 eV,7.83628,2.77327e-17,201.75
C25 Ar Excitation 14.24 eV,8.12637,3.43305e-17,233.823
C25 Ar Excitation 14.24 eV,8.43263,4.14916e-17,268.271
C25 Ar Excitation 14.24 eV,8.756,4.91669e-17,305.095
C25 Ar Excitation 14.24 eV,9.09866,5.73005e-17,344.295
C25 Ar Excitation 14.24 eV,9.46271,6.58459e-17,385.87
C25 Ar Excitation 14.24 eV,9.84924,7.47293e-17,429.822
C25 Ar Excitation 14.24 eV,10.2604,8.39016e-17,476.149
C25 Ar Excitation 14.24 eV,10.6991,9.33286e-17,524.851
C25 Ar Excitation 14.24 eV,11.1681,1.02942e-16,575.93
C25 Ar Excitation 14.24 eV,11.6671,1.12636e-16,629.384
C25 Ar Excitation 14.24 eV,12.2021,1.22426e-16,685.214
C25 Ar Excitation 14.24 eV,12.7745,1.32199e-16,743.42
C25 Ar Excitation 14.24 eV,13.3861,1.41871e-16,804.001
C25 Ar Excitation 14.24 eV,14.0422,1.51455e-16,866.958
C25 Ar Excitation 14.24 eV,14.7433,1.60818e-16,932.291
C25 Ar Excitation 14.24 eV,15.4923,1.6992e-16,1000.0
C26 Ar Excitation 14.25 eV,2.4075,0.0,1.0
C26 Ar Excitation 14.25 eV,3.52837,8.54662e-39,2.18787
C26 Ar Excitation 14.25 eV,5.08509,2.81162e-26,5.75149
C26 Ar Excitation 14.25 eV,5.39609,4.67147e-23,11.6908
C26 Ar Excitation 14.25 eV,5.62479,1.43288e-21,20.0059
C26 Ar Excitation 14.25 eV,5.85972,1.09281e-20,30.6968
C26 Ar Excitation 14.25 eV,6.09482,4.33168e-20,43.7634
C26 Ar Excitation 14.25 eV,6.32848,1.19425e-19,59.2057
C26 Ar Excitation 14.25 eV,6.56248,2.63343e-19,77.0238
C26 Ar Excitation 14.25 eV,6.80014,5.0063e-19,97.2176
C26 Ar Excitation 14.25 eV,7.04422,8.57012e-19,119.787
C26 Ar Excitation 14.25 eV,7.29691,1.35855e-18,144.732
C26 Ar Excitation 14.25 eV,7.56043,2.0308e-18,172.054
C26 Ar Excitation 14.25 eV,7.83628,2.89827e-18,201.75
C26 Ar Excitation 14.25 eV,8.12637,3.98543e-18,233.823
C26 Ar Excitation 14.25 eV,8.43263,5.31623e-18,268.271
C26 Ar Excitation 14.25 eV,8.756,6.91522e-18,305.095
C26 Ar Excitation 14.25 eV,9.09866,8.80527e-18,344.295
C26 Ar Excitation 14.25 eV,9.46271,1.10107e-17,385.87
C26 Ar Excitation 14.25 eV,9.84924,1.35511e-17,429.822
C26 Ar Excitation 14.25 eV,10.2604,1.64492e-17,476.149
C26 Ar Excitation 14.25 eV,10.6991,1.97291e-17,524.851
C26 Ar Excitation 14.25 eV,11.1681,2.3409e-17,575.93
C26 Ar Excitation 14.25 eV,11.6671,2.74951e-17,629.384
C26 Ar Excitation 14.25 eV,12.2021,3.20204e-17,685.214
C26 Ar Excitation 14.25 eV,12.7745,3.69918e-17,743.42
C26 Ar Excitation 14.25 eV,13.3861,4.23951e-17,804.001
C26 Ar Excitation 14.25 eV,14.0422,4.82531e-17,866.958
C26 Ar Excitation 14.25 eV,14.7433,5.45561e-17,932.291
C26 Ar Excitation 14.25 eV,15.4923,6.12855e-17,1000.0
C27 Ar Excitation 14.30 eV,2.4075,0.0,1.0
C27 Ar Excitation 14.30 eV,3.52837,3.7279e-38,2.18787
C27 Ar Excitation 14.30 eV,5.08509,1.81838e-25,5.75149
C27 Ar Excitation 14.30 eV,5.39609,3.46965e-22,11.6908
C27 Ar Excitation 14.30 eV,5.62479,1.12796e-20,20.0059
C27 Ar Excitation 14.30 eV,5.85972,8.86135e-20,30.6968
C27 Ar Excitation 14.30 eV,6.09482,3.57502e-19,43.7634
C27 Ar Excitation 14.30 eV,6.32848,9.97135e-19,59.2057
C27 Ar Excitation 14.30 eV,6.56248,2.21678e-18,77.0238
C27 Ar Excitation 14.30 eV,6.80014,4.23961e-18,97.2176
C27 Ar Excitation 14.30 eV,7.04422,7.29111e-18,119.787
C27 Ar Excitation 14.30 eV,7.29691,1.16001e-17,144.732
C27 Ar Excitation 14.30 eV,7.56043,1.73918e-17,172.054
C27 Ar Excitation 14.30 eV,7.83628,2.4882e-17,201.75
C27 Ar Excitation 14.30 eV,8.12637,3.42871e-17,233.823
C27 Ar Excitation 14.30 eV,8.43263,4.58184e-17,268.271
C27 Ar Excitation 14.30 eV,8.756,5.96929e-17,305.095
C27 Ar Excitation 14.30 eV,9.09866,7.61126e-17,344.295
C27 Ar Excitation 14.30 eV,9.46271,9.52926e-17,385.87
C27 Ar Excitation 14.30 eV,9.84924,1.17406e-16,429.822
C27 Ar Excitation 14.30 eV,10.2604,1.42654e-16,476.149
C27 Ar Excitation 14.30 eV,10.6991,1.71249e-16,524.851
C27 Ar Excitation 14.30 eV,11.1681,2.03353e-16,575.93
C27 Ar Excitation 14.30 eV,11.6671,2.39023e-16,629.384
C27 Ar Excitation 14.30 eV,12.2021,2.78548e-16,685.214
C27 Ar Excitation 14.30 eV,12.7745,3.21991e-16,743.42
C27 Ar Excitation 14.30 eV,13.3861,3.69231e-16,804.001
C27 Ar Excitation 14.30 eV,14.0422,4.20467e-16,866.958
C27 Ar Excitation 14.30 eV,14.7433,4.75617e-16,932.291
C27 Ar Excitation 14.30 eV,15.4923,5.34519e-16,1000.0
C28 Ar Excitation 14.46 eV,2.4075,0.0,1.0
C28 Ar Excitation 14.46 eV,3.52837,2.92245e-39,2.18787
C28 Ar Excitation 14.46 eV,5.08509,2.87792e-26,5.75149
C28 Ar Excitation 14.46 eV,5.39609,4.79502e-23,11.6908
C28 Ar Excitation 14.46 eV,5.62479,1.22462e-21,20.0059
C28 Ar Excitation 14.46 eV,5.85972,7.65448e-21,30.6968
C28 Ar Excitation 14.46 eV,6.09482,2.51962e-20,43.7634
C28 Ar Excitation 14.46 eV,6.32848,5.86871e-20,59.2057
C28 Ar Excitation 14.46 eV,6.56248,1.11044e-19,77.0238
C28 Ar Excitation 14.46 eV,6.80014,1.83598e-19,97.2176
C28 Ar Excitation 14.46 eV,7.04422,2.76547e-19,119.787
C28 Ar Excitation 14.46 eV,7.29691,3.89568e-19,144.732
C28 Ar Excitation 14.46 eV,7.56043,5.21816e-19,172.054
C28 Ar Excitation 14.46 eV,7.83628,6.72058e-19,201.75
C28 Ar Excitation 14.46 eV,8.12637,8.39048e-19,233.823
C28 Ar Excitation 14.46 eV,8.43263,1.02141e-18,268.271
C28 Ar Excitation 14.46 eV,8.756,1.21787e-18,305.095
C28 Ar Excitation 14.46 eV,9.09866,1.427e-18,344.295
C28 Ar Excitation 14.46 eV,9.46271,1.64757e-18,385.87
C28 Ar Excitation 14.46 eV,9.84924,1.87768e-18,429.822
C28 Ar Excitation 14.46 eV,10.2604,2.11604e-18,476.149
C28 Ar Excitation 14.46 eV,10.6991,2.36172e-18,524.851
C28 Ar Excitation 14.46 eV,11.1681,2.61295e-18,575.93
C28 Ar Excitation 14.46 eV,11.6671,2.86697e-18,629.384
C28 Ar Excitation 14.46 eV,12.2021,3.12412e-18,685.214
C28 Ar Excitation 14.46 eV,12.7745,3.38143e-18,743.42
C28 Ar Excitation 14.46 eV,13.3861,3.63676e-18,804.001
C28 Ar Excitation 14.46 eV,14.0422,3.89025e-18,866.958
C28 Ar Excitation 14.46 eV,14.7433,4.13854e-18,932.291
C28 Ar Excitation 14.46 eV,15.4923,4.38042e-18,1000.0
C29 Ar Excitation 14.50 eV,2.4075,0.0,1.0
C29 Ar Excitation 14.50 eV,3.52837,2.56735e-39,2.18787
C29 Ar Excitation 14.50 eV,5.08509,3.54499e-26,5.75149
C29 Ar Excitation 14.50 eV,5.39609,6.56753e-23,11.6908
C29 Ar Excitation 14.50 eV,5.62479,1.75141e-21,20.0059
C29 Ar Excitation 14.50 eV,5.85972,1.11865e-20,30.6968
C29 Ar Excitation 14.50 eV,6.09482,3.72881e-20,43.7634
C29 Ar Excitation 14.50 eV,6.32848,8.7556e-20,59.2057
C29 Ar Excitation 14.50 eV,6.56248,1.66596e-19,77.0238
C29 Ar Excitation 14.50 eV,6.80014,2.76577e-19,97.2176
C29 Ar Excitation 14.50 eV,7.04422,4.17896e-19,119.787
C29 Ar Excitation 14.50 eV,7.29691,5.90125e-19,144.732
C29 Ar Excitation 14.50 eV,7.56043,7.92016e-19,172.054
C29 Ar Excitation 14.50 eV,7.83628,1.02171e-18,201.75
C29 Ar Excitation 14.50 eV,8.12637,1.27733e-18,233.823
C29 Ar Excitation 14.50 eV,8.43263,1.55675e-18,268.271
C29 Ar Excitation 14.50 eV,8.756,1.85803e-18,305.095
C29 Ar Excitation 14.50 eV,9.09866,2.17899e-18,344.295
C29 Ar Excitation 14.50 eV,9.46271,2.51773e-18,385.87
C29 Ar Excitation 14.50 eV,9.84924,2.87131e-18,429.822
C29 Ar Excitation 14.50 eV,10.2604,3.23776e-18,476.149
C29 Ar Excitation 14.50 eV,10.6991,3.61566e-18,524.851
C29 Ar Excitation 14.50 eV,11.1681,4.00225e-18,575.93
C29 Ar Excitation 14.50 eV,11.6671,4.3933e-18,629.384
C29 Ar Excitation 14.50 eV,12.2021,4.78934e-18,685.214
C29 Ar Excitation 14.50 eV,12.7745,5.18576e-18,743.42
C29 Ar Excitation 14.50 eV,13.3861,5.5793e-18,804.001
C29 Ar Excitation 14.50 eV,14.0422,5.97013e-18,866.958
C29 Ar Excitation 14.50 eV,14.7433,6.3531e-18,932.291
C29 Ar Excitation 14.50 eV,15.4923,6.7263e-18,1000.0
C30 Ar Excitation 14.50 eV,2.4075,0.0,1.0
C30 Ar Excitation 14.50 eV,3.52837,2.70476e-39,2.18787
C30 Ar Excitation 14.50 eV,5.08509,4.03161e-26,5.75149
C30 Ar Excitation 14.50 eV,5.39609,7.75525e-23,11.6908
C30 Ar Excitation 14.50 eV,5.62479,2.12652e-21,20.0059
C30 Ar Excitation 14.50 eV,5.85972,1.39202e-20,30.6968
C30 Ar Excitation 14.50 eV,6.09482,4.74957e-20,43.7634
C30 Ar Excitation 14.50 eV,6.32848,1.14088e-19,59.2057
C30 Ar Excitation 14.50 eV,6.56248,2.21992e-19,77.0238
C30 Ar Excitation 14.50 eV,6.80014,3.76785e-19,97.2176
C30 Ar Excitation 14.50 eV,7.04422,5.81903e-19,119.787
C30 Ar Excitation 14.50 eV,7.29691,8.39723e-19,144.732
C30 Ar Excitation 14.50 eV,7.56043,1.15148e-18,172.054
C30 Ar Excitation 14.50 eV,7.83628,1.51742e-18,201.75
C30 Ar Excitation 14.50 eV,8.12637,1.93763e-18,233.823
C30 Ar Excitation 14.50 eV,8.43263,2.41172e-18,268.271
C30 Ar Excitation 14.50 eV,8.756,2.93944e-18,305.095
C30 Ar Excitation 14.50 eV,9.09866,3.51995e-18,344.295
C30 Ar Excitation 14.50 eV,9.46271,4.15278e-18,385.87
C30 Ar Excitation 14.50 eV,9.84924,4.83559e-18,429.822
C30 Ar Excitation 14.50 eV,10.2604,5.56743e-18,476.149
C30 Ar Excitation 14.50 eV,10.6991,6.34808e-18,524.851
C30 Ar Excitation 14.50 eV,11.1681,7.17495e-18,575.93
C30 Ar Excitation 14.50 eV,11.6671,8.04246e-18,629.384
C30 Ar Excitation 14.50 eV,12.2021,8.95338e-18,685.214
C30 Ar Excitation 14.50 eV,12.7745,9.90143e-18,743.42
C30 Ar Excitation 14.50 eV,13.3861,1.08803e-17,804.001
C30 Ar Excitation 14.50 eV,14.0422,1.18913e-17,866.958
C30 Ar Excitation 14.50 eV,14.7433,1.2926e-17,932.291
C30 Ar Excitation 14.50 eV,15.4923,1.39791e-17,1000.0
C31 Ar Excitation 14.52 eV,2.4075,0.0,1.0
C31 Ar Excitation 14.52 eV,3.52837,2.56947e-39,2.18787
C31 Ar Excitation 14.52 eV,5.08509,4.56139e-26,5.75149
C31 Ar Excitation 14.52 eV,5.39609,9.13718e-23,11.6908
C31 Ar Excitation 14.52 eV,5.62479,2.51573e-21,20.0059
C31 Ar Excitation 14.52 eV,5.85972,1.63275e-20,30.6968
C31 Ar Excitation 14.52 eV,6.09482,5.49332e-20,43.7634
C31 Ar Excitation 14.52 eV,6.32848,1.29764e-19,59.2057
C31 Ar Excitation 14.52 eV,6.56248,2.47935e-19,77.0238
C31 Ar Excitation 14.52 eV,6.80014,4.12868e-19,97.2176
C31 Ar Excitation 14.52 eV,7.04422,6.25284e-19,119.787
C31 Ar Excitation 14.52 eV,7.29691,8.84622e-19,144.732
C31 Ar Excitation 14.52 eV,7.56043,1.18906e-18,172.054
C31 Ar Excitation 14.52 eV,7.83628,1.53585e-18,201.75
C31 Ar Excitation 14.52 eV,8.12637,1.92214e-18,233.823
C31 Ar Excitation 14.52 eV,8.43263,2.34475e-18,268.271
C31 Ar Excitation 14.52 eV,8.756,2.80077e-18,305.095
C31 Ar Excitation 14.52 eV,9.09866,3.28684e-18,344.295
C31 Ar Excitation 14.52 eV,9.46271,3.80009e-18,385.87
C31 Ar Excitation 14.52 eV,9.84924,4.33607e-18,429.822
C31 Ar Excitation 14.52 eV,10.2604,4.89178e-18,476.149
C31 Ar Excitation 14.52 eV,10.6991,5.46504e-18,524.851
C31 Ar Excitation 14.52 eV,11.1681,6.05167e-18,575.93
C31 Ar Excitation 14.52 eV,11.6671,6.64524e-18,629.384
C31 Ar Excitation 14.52 eV,12.2021,7.24655e-18,685.214
C31 Ar Excitation 14.52 eV,12.7745,7.84857e-18,743.42
C31 Ar Excitation 14.52 eV,13.3861,8.44638e-18,804.001
C31 Ar Excitation 14.52 eV,14.0422,9.0402e-18,866.958
C31 Ar Excitation 14.52 eV,14.7433,9.6222e-18,932.291
C31 Ar Excitation 14.52 eV,15.4923,1.01895e-17,1000.0
C32 Ar Excitation 14.53 eV,2.4075,0.0,1.0
C32 Ar Excitation 14.53 eV,3.52837,1.66904e-39,2.18787
C32 Ar Excitation 14.53 eV,5.08509,3.11811e-26,5.75149
C32 Ar Excitation 14.53 eV,5.39609,6.42971e-23,11.6908
C32 Ar Excitation 14.53 eV,5.62479,1.81411e-21,20.0059
C32 Ar Excitation 14.53 eV,5.85972,1.20468e-20,30.6968
C32 Ar Excitation 14.53 eV,6.09482,4.14477e-20,43.7634
C32 Ar Excitation 14.53 eV,6.32848,1.00094e-19,59.2057
C32 Ar Excitation 14.53 eV,6.56248,1.95484e-19,77.0238
C32 Ar Excitation 14.53 eV,6.80014,3.32684e-19,97.2176
C32 Ar Excitation 14.53 eV,7.04422,5.14831e-19,119.787
C32 Ar Excitation 14.53 eV,7.29691,7.44107e-19,144.732
C32 Ar Excitation 14.53 eV,7.56043,1.02166e-18,172.054
C32 Ar Excitation 14.53 eV,7.83628,1.34776e-18,201.75
C32 Ar Excitation 14.53 eV,8.12637,1.72252e-18,233.823
C32 Ar Excitation 14.53 eV,8.43263,2.14563e-18,268.271
C32 Ar Excitation 14.53 eV,8.756,2.61689e-18,305.095
C32 Ar Excitation 14.53 eV,9.09866,3.13558e-18,344.295
C32 Ar Excitation 14.53 eV,9.46271,3.70127e-18,385.87
C32 Ar Excitation 14.53 eV,9.84924,4.31192e-18,429.822
C32 Ar Excitation 14.53 eV,10.2604,4.96666e-18,476.149
C32 Ar Excitation 14.53 eV,10.6991,5.6653e-18,524.851
C32 Ar Excitation 14.53 eV,11.1681,6.40555e-18,575.93
C32 Ar Excitation 14.53 eV,11.6671,7.18243e-18,629.384
C32 Ar Excitation 14.53 eV,12.2021,7.99838e-18,685.214
C32 Ar Excitation 14.53 eV,12.7745,8.84782e-18,743.42
C32 Ar Excitation 14.53 eV,13.3861,9.72513e-18,804.001
C32 Ar Excitation 14.53 eV,14.0422,1.06314e-17,866.958
C32 Ar Excitation 14.53 eV,14.7433,1.1559e-17,932.291
C32 Ar Excitation 14.53 eV,15.4923,1.25034e-17,1000.0
C33 Ar Excitation 14.57 eV,2.4075,0.0,1.0
C33 Ar Excitation 14.57 eV,3.52837,1.38109e-39,2.18787
C33 Ar Excitation 14.57 eV,5.08509,4.14806e-26,5.75149
C33 Ar Excitation 14.57 eV,5.39609,9.71106e-23,11.6908
C33 Ar Excitation 14.57 eV,5.62479,2.84875e-21,20.0059
C33 Ar Excitation 14.57 eV,5.85972,1.90848e-20,30.6968
C33 Ar Excitation 14.57 eV,6.09482,6.54069e-20,43.7634
C33 Ar Excitation 14.57 eV,6.32848,1.56355e-19,59.2057
C33 Ar Excitation 14.57 eV,6.56248,3.01218e-19,77.0238
C33 Ar Excitation 14.57 eV,6.80014,5.04631e-19,97.2176
C33 Ar Excitation 14.57 eV,7.04422,7.67756e-19,119.787
C33 Ar Excitation 14.57 eV,7.29691,1.09006e-18,144.732
C33 Ar Excitation 14.57 eV,7.56043,1.46936e-18,172.054
C33 Ar Excitation 14.57 eV,7.83628,1.90227e-18,201.75
C33 Ar Excitation 14.57 eV,8.12637,2.38525e-18,233.823
C33 Ar Excitation 14.57 eV,8.43263,2.91434e-18,268.271
C33 Ar Excitation 14.57 eV,8.756,3.48585e-18,305.095
C33 Ar Excitation 14.57 eV,9.09866,4.09562e-18,344.295
C33 Ar Excitation 14.57 eV,9.46271,4.74001e-18,385.87
C33 Ar Excitation 14.57 eV,9.84924,5.41345e-18,429.822
C33 Ar Excitation 14.57 eV,10.2604,6.11215e-18,476.149
C33 Ar Excitation 14.57 eV,10.6991,6.83338e-18,524.851
C33 Ar Excitation 14.57 eV,11.1681,7.57189e-18,575.93
C33 Ar Excitation 14.57 eV,11.6671,8.3196e-18,629.384
C33 Ar Excitation 14.57 eV,12.2021,9.07747e-18,685.214
C33 Ar Excitation 14.57 eV,12.7745,9.83669e-18,743.42
C33 Ar Excitation 14.57 eV,13.3861,1.0591e-17,804.001
C33 Ar Excitation 14.57 eV,14.0422,1.13407e-17,866.958
C33 Ar Excitation 14.57 eV,14.7433,1.2076e-17,932.291
C33 Ar Excitation 14.57 eV,15.4923,1.2793e-17,1000.0
C34 Ar Excitation 14.68 eV,2.4075,0.0,1.0
C34 Ar Excitation 14.68 eV,3.52837,1.12925e-40,2.18787
C34 Ar Excitation 14.68 eV,5.08509,1.26166e-26,5.75149
C34 Ar Excitation 14.68 eV,5.39609,4.09163e-23,11.6908
C34 Ar Excitation 14.68 eV,5.62479,1.37079e-21,20.0059
C34 Ar Excitation 14.68 eV,5.85972,9.81407e-21,30.6968
C34 Ar Excitation 14.68 eV,6.09482,3.49618e-20,43.7634
C34 Ar Excitation 14.68 eV,6.32848,8.56832e-20,59.2057
C34 Ar Excitation 14.68 eV,6.56248,1.6794e-19,77.0238
C34 Ar Excitation 14.68 eV,6.80014,2.84904e-19,97.2176
C34 Ar Excitation 14.68 eV,7.04422,4.37595e-19,119.787
C34 Ar Excitation 14.68 eV,7.29691,6.25922e-19,144.732
C34 Ar Excitation 14.68 eV,7.56043,8.48754e-19,172.054
C34 Ar Excitation 14.68 eV,7.83628,1.10419e-18,201.75
C34 Ar Excitation 14.68 eV,8.12637,1.39021e-18,233.823
C34 Ar Excitation 14.68 eV,8.43263,1.70447e-18,268.271
C34 Ar Excitation 14.68 eV,8.756,2.04481e-18,305.095
C34 Ar Excitation 14.68 eV,9.09866,2.40875e-18,344.295
C34 Ar Excitation 14.68 eV,9.46271,2.79411e-18,385.87
C34 Ar Excitation 14.68 eV,9.84924,3.19756e-18,429.822
C34 Ar Excitation 14.68 eV,10.2604,3.61681e-18,476.149
C34 Ar Excitation 14.68 eV,10.6991,4.05022e-18,524.851
C34 Ar Excitation 14.68 eV,11.1681,4.49459e-18,575.93
C34 Ar Excitation 14.68 eV,11.6671,4.94511e-18,629.384
C34 Ar Excitation 14.68 eV,12.2021,5.40229e-18,685.214
C34 Ar Excitation 14.68 eV,12.7745,5.86084e-18,743.42
C34 Ar Excitation 14.68 eV,13.3861,6.31697e-18,804.001
C34 Ar Excitation 14.68 eV,14.0422,6.77077e-18,866.958
C34 Ar Excitation 14.68 eV,14.7433,7.21631e-18,932.291
C34 Ar Excitation 14.68 eV,15.4923,7.65127e-18,1000.0
C35 Ar Excitation 14.68 eV,2.4075,0.0,1.0
C35 Ar Excitation 14.68 eV,3.52837,6.06615e-41,2.18787
C35 Ar Excitation 14.68 eV,5.08509,7.45987e-27,5.75149
C35 Ar Excitation 14.68 eV,5.39609,2.46487e-23,11.6908
C35 Ar Excitation 14.68 eV,5.62479,8.32197e-22,20.0059
C35 Ar Excitation 14.68 eV,5.85972,5.98151e-21,30.6968
C35 Ar Excitation 14.68 eV,6.09482,2.13576e-20,43.7634
C35 Ar Excitation 14.68 eV,6.32848,5.24193e-20,59.2057
C35 Ar Excitation 14.68 eV,6.56248,1.02846e-19,77.0238
C35 Ar Excitation 14.68 eV,6.80014,1.74602e-19,97.2176
C35 Ar Excitation 14.68 eV,7.04422,2.68325e-19,119.787
C35 Ar Excitation 14.68 eV,7.29691,3.83966e-19,144.732
C35 Ar Excitation 14.68 eV,7.56043,5.20834e-19,172.054
C35 Ar Excitation 14.68 eV,7.83628,6.77769e-19,201.75
C35 Ar Excitation 14.68 eV,8.12637,8.53519e-19,233.823
C35 Ar Excitation 14.68 eV,8.43263,1.04666e-18,268.271
C35 Ar Excitation 14.68 eV,8.756,1.25586e-18,305.095
C35 Ar Excitation 14.68 eV,9.09866,1.47959e-18,344.295
C35 Ar Excitation 14.68 eV,9.46271,1.71651e-18,385.87
C35 Ar Excitation 14.68 eV,9.84924,1.96458e-18,429.822
C35 Ar Excitation 14.68 eV,10.2604,2.2224e-18,476.149
C35 Ar Excitation 14.68 eV,10.6991,2.48894e-18,524.851
C35 Ar Excitation 14.68 eV,11.1681,2.76225e-18,575.93
C35 Ar Excitation 14.68 eV,11.6671,3.03936e-18,629.384
C35 Ar Excitation 14.68 eV,12.2021,3.32059e-18,685.214
C35 Ar Excitation 14.68 eV,12.7745,3.60269e-18,743.42
C35 Ar Excitation 14.68 eV,13.3861,3.88332e-18,804.001
C35 Ar Excitation 14.68 eV,14.0422,4.16254e-18,866.958
C35 Ar Excitation 14.68 eV,14.7433,4.4367e-18,932.291
C35 Ar Excitation 14.68 eV,15.4923,4.70436e-18,1000.0
C36 Ar Excitation 14.69 eV,2.4075,0.0,1.0
C36 Ar Excitation 14.69 eV,3.52837,7.57003e-41,2.18787
C36 Ar Excitation 14.69 eV,5.08509,9.76875e-27,5.75149
C36 Ar Excitation 14.69 eV,5.39609,3.30323e-23,11.6908
C36 Ar Excitation 14.69 eV,5.62479,1.13905e-21,20.0059
C36 Ar Excitation 14.69 eV,5.85972,8.35942e-21,30.6968
C36 Ar Excitation 14.69 eV,6.09482,3.04833e-20,43.7634
C36 Ar Excitation 14.69 eV,6.32848,7.64233e-20,59.2057
C36 Ar Excitation 14.69 eV,6.56248,1.53179e-19,77.0238
C36 Ar Excitation 14.69 eV,6.80014,2.6567e-19,97.2176
C36 Ar Excitation 14.69 eV,7.04422,4.1707e-19,119.787
C36 Ar Excitation 14.69 eV,7.29691,6.09604e-19,144.732
C36 Ar Excitation 14.69 eV,7.56043,8.44535e-19,172.054
C36 Ar Excitation 14.69 eV,7.83628,1.12232e-18,201.75
C36 Ar Excitation 14.69 eV,8.12637,1.4432e-18,233.823
C36 Ar Excitation 14.69 eV,8.43263,1.80703e-18,268.271
C36 Ar Excitation 14.69 eV,8.756,2.21372e-18,305.095
C36 Ar Excitation 14.69 eV,9.09866,2.66273e-18,344.295
C36 Ar Excitation 14.69 eV,9.46271,3.15373e-18,385.87
C36 Ar Excitation 14.69 eV,9.84924,3.68501e-18,429.822
C36 Ar Excitation 14.69 eV,10.2604,4.25585e-18,476.149
C36 Ar Excitation 14.69 eV,10.6991,4.8661e-18,524.851
C36 Ar Excitation 14.69 eV,11.1681,5.51379e-18,575.93
C36 Ar Excitation 14.69 eV,11.6671,6.19463e-18,629.384
C36 Ar Excitation 14.69 eV,12.2021,6.91074e-18,685.214
C36 Ar Excitation 14.69 eV,12.7745,7.65726e-18,743.42
C36 Ar Excitation 14.69 eV,13.3861,8.42927e-18,804.001
C36 Ar Excitation 14.69 eV,14.0422,9.22764e-18,866.958
C36 Ar Excitation 14.69 eV,14.7433,1.00458e-17,932.291
C36 Ar Excitation 14.69 eV,15.4923,1.08797e-17,1000.0
C37 Ar Excitation 14.73 eV,2.4075,0.0,1.0
C37 Ar Excitation 14.73 eV,3.52837,5.39553e-41,2.18787
C37 Ar Excitation 14.73 eV,5.08509,1.87309e-26,5.75149
C37 Ar Excitation 14.73 eV,5.39609,7.38484e-23,11.6908
C37 Ar Excitation 14.73 eV,5.62479,2.71091e-21,20.0059
C37 Ar Excitation 14.73 eV,5.85972,2.05314e-20,30.6968
C37 Ar Excitation 14.73 eV,6.09482,7.62629e-20,43.7634
C37 Ar Excitation 14.73 eV,6.32848,1.93484e-19,59.2057
C37 Ar Excitation 14.73 eV,6.56248,3.9102e-19,77.0238
C37 Ar Excitation 14.73 eV,6.80014,6.82268e-19,97.2176
C37 Ar Excitation 14.73 eV,7.04422,1.07597e-18,119.787
C37 Ar Excitation 14.73 eV,7.29691,1.5783e-18,144.732
C37 Ar Excitation 14.73 eV,7.56043,2.19282e-18,172.054
C37 Ar Excitation 14.73 eV,7.83628,2.92095e-18,201.75
C37 Ar Excitation 14.73 eV,8.12637,3.76342e-18,233.823
C37 Ar Excitation 14.73 eV,8.43263,4.71998e-18,268.271
C37 Ar Excitation 14.73 eV,8.756,5.79048e-18,305.095
C37 Ar Excitation 14.73 eV,9.09866,6.97352e-18,344.295
C37 Ar Excitation 14.73 eV,9.46271,8.26831e-18,385.87
C37 Ar Excitation 14.73 eV,9.84924,9.67035e-18,429.822
C37 Ar Excitation 14.73 eV,10.2604,1.11778e-17,476.149
C37 Ar Excitation 14.73 eV,10.6991,1.27903e-17,524.851
C37 Ar Excitation 14.73 eV,11.1681,1.45026e-17,575.93
C37 Ar Excitation 14.73 eV,11.6671,1.63035e-17,629.384
C37 Ar Excitation 14.73 eV,12.2021,1.81986e-17,685.214
C37 Ar Excitation 14.73 eV,12.7745,2.0175e-17,743.42
C37 Ar Excitation 14.73 eV,13.3861,2.22198e-17,804.001
C37 Ar Excitation 14.73 eV,14.0422,2.43352e-17,866.958
C37 Ar Excitation 14.73 eV,14.7433,2.65038e-17,932.291
C37 Ar Excitation 14.73 eV,15.4923,2.87147e-17,1000.0
C38 Ar Excitation 14.80 eV,2.4075,0.0,1.0
C38 Ar Excitation 14.80 eV,3.52837,2.13916e-44,2.18787
C38 Ar Excitation 14.80 eV,5.08509,3.33894e-27,5.75149
C38 Ar Excitation 14.80 eV,5.39609,2.96493e-23,11.6908
C38 Ar Excitation 14.80 eV,5.62479,1.8123e-21,20.0059
C38 Ar Excitation 14.80 eV,5.85972,1.96439e-20,30.6968
C38 Ar Excitation 14.80 eV,6.09482,9.59778e-20,43.7634
C38 Ar Excitation 14.80 eV,6.32848,3.03478e-19,59.2057
C38 Ar Excitation 14.80 eV,6.56248,7.36807e-19,77.0238
C38 Ar Excitation 14.80 eV,6.80014,1.50372e-18,97.2176
C38 Ar Excitation 14.80 eV,7.04422,2.71776e-18,119.787
C38 Ar Excitation 14.80 eV,7.29691,4.49653e-18,144.732
C38 Ar Excitation 14.80 eV,7.56043,6.95808e-18,172.054
C38 Ar Excitation 14.80 eV,7.83628,1.02176e-17,201.75
C38 Ar Excitation 14.80 eV,8.12637,1.43907e-17,233.823
C38 Ar Excitation 14.80 eV,8.43263,1.95913e-17,268.271
C38 Ar Excitation 14.80 eV,8.756,2.59362e-17,305.095
C38 Ar Excitation 14.80 eV,9.09866,3.35352e-17,344.295
C38 Ar Excitation 14.80 eV,9.46271,4.25043e-17,385.87
C38 Ar Excitation 14.80 eV,9.84924,5.29412e-17,429.822
C38 Ar Excitation 14.80 eV,10.2604,6.49551e-17,476.149
C38 Ar Excitation 14.80 eV,10.6991,7.86603e-17,524.851
C38 Ar Excitation 14.80 eV,11.1681,9.41487e-17,575.93
C38 Ar Excitation 14.80 eV,11.6671,1.11462e-16,629.384
C38 Ar Excitation 14.80 eV,12.2021,1.30749e-16,685.214
C38 Ar Excitation 14.80 eV,12.7745,1.52056e-16,743.42
C38 Ar Excitation 14.80 eV,13.3861,1.7533e-16,804.001
C38 Ar Excitation 14.80 eV,14.0422,2.00676e-16,866.958
C38 Ar Excitation 14.80 eV,14.7433,2.28067e-16,932.291
C38 Ar Excitation 14.80 eV,15.4923,2.57425e-16,1000.0
C39 Ar Excitation 15.10 eV,2.4075,0.0,1.0
C39 Ar Excitation 15.10 eV,3.52837,0.0,2.18787
C39 Ar Excitation 15.10 eV,5.08509,5.75293e-28,5.75149
C39 Ar Excitation 15.10 eV,5.39609,1.34459e-23,11.6908
C39 Ar Excitation 15.10 eV,5.62479,1.22512e-21,20.0059
C39 Ar Excitation 15.10 eV,5.85972,1.62937e-20,30.6968
C39 Ar Excitation 15.10 eV,6.09482,8.99029e-20,43.7634
C39 Ar Excitation 15.10 eV,6.32848,3.0773e-19,59.2057
C39 Ar Excitation 15.10 eV,6.56248,7.89672e-19,77.0238
C39 Ar Excitation 15.10 eV,6.80014,1.67837e-18,97.2176
C39 Ar Excitation 15.10 eV,7.04422,3.12842e-18,119.787
C39 Ar Excitation 15.10 eV,7.29691,5.3024e-18,144.732
C39 Ar Excitation 15.10 eV,7.56043,8.36562e-18,172.054
C39 Ar Excitation 15.10 eV,7.83628,1.2481e-17,201.75
C39 Ar Excitation 15.10 eV,8.12637,1.7813e-17,233.823
C39 Ar Excitation 15.10 eV,8.43263,2.45242e-17,268.271
C39 Ar Excitation 15.10 eV,8.756,3.27814e-17,305.095
C39 Ar Excitation 15.10 eV,9.09866,4.27425e-17,344.295
C39 Ar Excitation 15.10 eV,9.46271,5.45739e-17,385.87
C39 Ar Excitation 15.10 eV,9.84924,6.84183e-17,429.822
C39 Ar Excitation 15.10 eV,10.2604,8.44335e-17,476.149
C39 Ar Excitation 15.10 eV,10.6991,1.02783e-16,524.851
C39 Ar Excitation 15.10 eV,11.1681,1.23602e-16,575.93
C39 Ar Excitation 15.10 eV,11.6671,1.46958e-16,629.384
C39 Ar Excitation 15.10 eV,12.2021,1.73061e-16,685.214
C39 Ar Excitation 15.10 eV,12.7745,2.01985e-16,743.42
C39 Ar Excitation 15.10 eV,13.3861,2.33667e-16,804.001
C39 Ar Excitation 15.10 eV,14.0422,2.68254e-16,866.958
C39 Ar Excitation 15.10 eV,14.7433,3.05719e-16,932.291
C39 Ar Excitation 15.10 eV,15.4923,3.45963e-16,1000.0
C40 Ar Excitation 15.35 eV,2.4075,0.0,1.0
C40 Ar Excitation 15.35 eV,3.52837,0.0,2.18787
C40 Ar Excitation 15.35 eV,5.08509,4.94863e-29,5.75149
C40 Ar Excitation 15.35 eV,5.39609,2.63285e-24,11.6908
C40 Ar Excitation 15.35 eV,5.62479,3.37766e-22,20.0059
C40 Ar Excitation 15.35 eV,5.85972,5.35288e-21,30.6968
C40 Ar Excitation 15.35 eV,6.09482,3.27659e-20,43.7634
C40 Ar Excitation 15.35 eV,6.32848,1.19961e-19,59.2057
C40 Ar Excitation 15.35 eV,6.56248,3.2254e-19,77.0238
C40 Ar Excitation 15.35 eV,6.80014,7.09225e-19,97.2176
C40 Ar Excitation 15.35 eV,7.04422,1.3564e-18,119.787
C40 Ar Excitation 15.35 eV,7.29691,2.34562e-18,144.732
C40 Ar Excitation 15.35 eV,7.56043,3.76086e-18,172.054
C40 Ar Excitation 15.35 eV,7.83628,5.6857e-18,201.75
C40 Ar Excitation 15.35 eV,8.12637,8.20488e-18,233.823
C40 Ar Excitation 15.35 eV,8.43263,1.14027e-17,268.271
C40 Ar Excitation 15.35 eV,8.756,1.53655e-17,305.095
C40 Ar Excitation 15.35 eV,9.09866,2.01756e-17,344.295
C40 Ar Excitation 15.35 eV,9.46271,2.59194e-17,385.87
C40 Ar Excitation 15.35 eV,9.84924,3.26722e-17,429.822
C40 Ar Excitation 15.35 eV,10.2604,4.05162e-17,476.149
C40 Ar Excitation 15.35 eV,10.6991,4.95362e-17,524.851
C40 Ar Excitation 15.35 eV,11.1681,5.98037e-17,575.93
C40 Ar Excitation 15.35 eV,11.6671,7.13569e-17,629.384
C40 Ar Excitation 15.35 eV,12.2021,8.4303e-17,685.214
C40 Ar Excitation 15.35 eV,12.7745,9.86842e-17,743.42
C40 Ar Excitation 15.35 eV,13.3861,1.14471e-16,804.001
C40 Ar Excitation 15.35 eV,14.0422,1.31739e-16,866.958
C40 Ar Excitation 15.35 eV,14.7433,1.50481e-16,932.291
C40 Ar Excitation 15.35 eV,15.4923,1.70647e-16,1000.0
C41 Ar Excitation 15.66 eV,2.4075,0.0,1.0
C41 Ar Excitation 15.66 eV,3.52837,0.0,2.18787
C41 Ar Excitation 15.66 eV,5.08509,1.20765e-29,5.75149
C41 Ar Excitation 15.66 eV,5.39609,1.93651e-24,11.6908
C41 Ar Excitation 15.66 eV,5.62479,3.95072e-22,20.0059
C41 Ar Excitation 15.66 eV,5.85972,7.9384e-21,30.6968
C41 Ar Excitation 15.66 eV,6.09482,5.58972e-20,43.7634
C41 Ar Excitation 15.66 eV,6.32848,2.24025e-19,59.2057
C41 Ar Excitation 15.66 eV,6.56248,6.41221e-19,77.0238
C41 Ar Excitation 15.66 eV,6.80014,1.47556e-18,97.2176
C41 Ar Excitation 15.66 eV,7.04422,2.92054e-18,119.787
C41 Ar Excitation 15.66 eV,7.29691,5.18706e-18,144.732
C41 Ar Excitation 15.66 eV,7.56043,8.4958e-18,172.054
C41 Ar Excitation 15.66 eV,7.83628,1.3069e-17,201.75
C41 Ar Excitation 15.66 eV,8.12637,1.91334e-17,233.823
C41 Ar Excitation 15.66 eV,8.43263,2.69157e-17,268.271
C41 Ar Excitation 15.66 eV,8.756,3.66491e-17,305.095
C41 Ar Excitation 15.66 eV,9.09866,4.85564e-17,344.295
C41 Ar Excitation 15.66 eV,9.46271,6.28722e-17,385.87
C41 Ar Excitation 15.66 eV,9.84924,7.98039e-17,429.822
C41 Ar Excitation 15.66 eV,10.2604,9.95759e-17,476.149
C41 Ar Excitation 15.66 eV,10.6991,1.22418e-16,524.851
C41 Ar Excitation 15.66 eV,11.1681,1.4853e-16,575.93
C41 Ar Excitation 15.66 eV,11.6671,1.78025e-16,629.384
C41 Ar Excitation 15.66 eV,12.2021,2.11189e-16,685.214
C41 Ar Excitation 15.66 eV,12.7745,2.4815e-16,743.42
C41 Ar Excitation 15.66 eV,13.3861,2.88842e-16,804.001
C41 Ar Excitation 15.66 eV,14.0422,3.33467e-16,866.958
C41 Ar Excitation 15.66 eV,14.7433,3.82021e-16,932.291
C41 Ar Excitation 15.66 eV,15.4923,4.34386e-16,1000.0
C42 Ar Ionization 15.80 eV,2.4075,0.0,1.0
C42 Ar Ionization 15.80 eV,3.52837,0.0,2.18787
C42 Ar Ionization 15.80 eV,5.08509,2.95304e-27,5.75149
C42 Ar Ionization 15.80 eV,5.39609,3.17696e-22,11.6908
C42 Ar Ionization 15.80 eV,5.62479,4.6621e-20,20.0059
C42 Ar Ionization 15.80 eV,5.85972,7.35499e-19,30.6968
C42 Ar Ionization 15.80 eV,6.09482,4.3225e-18,43.7634
C42 Ar Ionization 15.80 eV,6.32848,1.50788e-17,59.2057
C42 Ar Ionization 15.80 eV,6.56248,3.86728e-17,77.0238
C42 Ar Ionization 15.80 eV,6.80014,8.14378e-17,97.2176
C42 Ar Ionization 15.80 eV,7.04422,1.49885e-16,119.787
C42 Ar Ionization 15.80 eV,7.29691,2.5066e-16,144.732
C42 Ar Ionization 15.80 eV,7.56043,3.90437e-16,172.054
C42 Ar Ionization 15.80 eV,7.83628,5.75815e-16,201.75
C42 Ar Ionization 15.80 eV,8.12637,8.1357e-16,233.823
C42 Ar Ionization 15.80 eV,8.43263,1.11055e-15,268.271
C42 Ar Ionization 15.80 eV,8.756,1.47395e-15,305.095
C42 Ar Ionization 15.80 eV,9.09866,1.91069e-15,344.295
C42 Ar Ionization 15.80 eV,9.46271,2.42815e-15,385.87
C42 Ar Ionization 15.80 eV,9.84924,3.03268e-15,429.822
C42 Ar Ionization 15.80 eV,10.2604,3.73132e-15,476.149
C42 Ar Ionization 15.80 eV,10.6991,4.53127e-15,524.851
C42 Ar Ionization 15.80 eV,11.1681,5.43849e-15,575.93
C42 Ar Ionization 15.80 eV,11.6671,6.45586e-15,629.384
C42 Ar Ionization 15.80 eV,12.2021,7.59262e-15,685.214
C42 Ar Ionization 15.80 eV,12.7745,8.85204e-15,743.42
C42 Ar Ionization 15.80 eV,13.3861,1.02314e-14,804.001
C42 Ar Ionization 15.80 eV,14.0422,1.17374e-14,866.958
C42 Ar Ionization 15.80 eV,14.7433,1.33695e-14,932.291
C42 Ar Ionization 15.80 eV,15.4923,1.51239e-14,1000.0
